nombre,continente,area,poblacion,gdp,desempleo,impuestos,deuda,tasa_de_cambio,usuarios_internet,porcentaje_internet,aeropuertos,carreteras_km,inversion_militar,image_name,image_urls
Algeria,Africa,"2,381,740 sq km","43,576,691 (July 2021 est.)","$11,511 (2019 est.)",11.7% (2017 est.),32.3% (of GDP) (2017 est.),$5.574 billion (2019 est.),131.085 (2020 est.),"24,819,531",59.58% (July 2018 est.),149 (2020),"104,000 km (2015)",6% of GDP (2019),AG-flag.jpg,https://www.cia.gov/the-world-factbook/static/0b8515d07d8cd5d40f93527171279805/29f30/AG-flag.jpg
Afghanistan,South Asia,"652,230 sq km","37,466,414 (July 2021 est.)","$2,065 (2019 est.)",23.9% (2017 est.),11.2% (of GDP) (2017 est.),$284 million (FY10/11),7.87 (2017 est.),"4,717,013",13.5% (July 2018 est.),46 (2020),"34,903 km (2017)",1.2% of GDP (2019),AF-flag.jpg,https://www.cia.gov/the-world-factbook/static/2b3a06ae2c0b517dbfe6629f1f967718/aab14/AF-flag.jpg
Mali,Africa,"1,240,192 sq km","20,137,527 (July 2021 est.)","$2,322 (2019 est.)",7.9% (2017 est.),20% (of GDP) (2017 est.),$4.192 billion (31 December 2017 est.),605.3 (2017 est.),"2,395,886",13% (July 2018 est.),25 (2013),"139,107 km (2018)",2.7% of GDP (2019),ML-flag.jpg,https://www.cia.gov/the-world-factbook/static/3a5068be8c4ca5aae3519362db185e76/d94fe/ML-flag.jpg
Malawi,Africa,"118,484 sq km","20,308,502 (July 2021 est.)","$1,060 (2019 est.)",20.4% (2013 est.),21.7% (of GDP) (2017 est.),$2.102 billion (31 December 2017 est.),762.4951 (2020 est.),"2,734,305",13.78% (July 2018 est.),32 (2013),"15,452 km (2015)",0.9% of GDP (2019),MI-flag.jpg,https://www.cia.gov/the-world-factbook/static/0fce22da4c6b2b44156ac701ac5168e5/04a58/MI-flag.jpg
Madagascar,Africa,"587,041 sq km","27,534,354 (July 2021 est.)","$1,647 (2019 est.)",1.8% (2017 est.),15.9% (of GDP) (2017 est.),$3.085 billion (2019 est.),"3,116.1 (2017 est.)","2,516,994",9.8% (July 2018 est.),83 (2013),"31,640 km (2018)",0.6% of GDP (2019),MA-flag.jpg,https://www.cia.gov/the-world-factbook/static/b2c15afd8a0f40a96565c89bca7bb541/d94fe/MA-flag.jpg
Libya,Africa,"1,759,540 sq km","7,017,224 (July 2021 est.)","$15,174 (2019 est.)",30% (2004 est.),51.6% (of GDP) (2017 est.),$3.02 billion (31 December 2017 est.),1.413 (2017 est.),"1,440,859",21.76% (July 2018 est.),146 (2013),"37,000 km (2010)",,LY-flag.jpg,https://www.cia.gov/the-world-factbook/static/3b9e9f7e6dae97e44fbfb260b614524d/6a8ab/LY-flag.jpg
Liberia,Africa,"111,369 sq km","5,214,030 (July 2021 est.)","$1,428 (2019 est.)",2.8% (2014 est.),16.9% (of GDP) (2017 est.),$826 million (2019 est.),109.4 (2017 est.),"383,819",7.98% (July 2018 est.),29 (2013),"10,600 km (2018)",0.5% of GDP (2019),LI-flag.jpg,https://www.cia.gov/the-world-factbook/static/2ea9f5edd4a13158922cd907d145d797/7f9da/LI-flag.jpg
Lesotho,Africa,"30,355 sq km","2,177,740 (July 2021 est.)","$2,704 (2019 est.)",28.1% (2014 est.),39.7% (of GDP) (2017 est.),$868 million (2019 est.),14.48 (2017 est.),"569,114",29% (July 2018 est.),24 (2013),"5,940 km (2011)",1.5% of GDP (2019),LT-flag.jpg,https://www.cia.gov/the-world-factbook/static/99a1d7293f0211f3d8b7a30388462b20/29f30/LT-flag.jpg
Akrotiri,Europe,123 sq km,"approximately 18,195 on the Sovereign Base Areas of Akrotiri and Dhekelia including 11,000 Cypriots and 7,195 Service and UK-based contract personnel and dependents (2020)",,,,,,,,1 (2020),,,AX-flag.jpg,https://www.cia.gov/the-world-factbook/static/2f47299974bd75267d861aa6b1651ca6/48d1c/AX-flag.jpg
Luxembourg,Europe,"2,586 sq km","639,589 (July 2021 est.)","$114,482 (2019 est.)",5.36% (2019 est.),44.4% (of GDP) (2017 est.),"$4,266,792,000,000 (2019 est.)",0.82771 (2020 est.),"587,955",97.06% (July 2018 est.),2 (2013),"2,875 km (2019)",0.57% of GDP (2020 est.),LU-flag.jpg,https://www.cia.gov/the-world-factbook/static/c6540c5972b5b3c6134c4f08a88e9cac/8ce40/LU-flag.jpg
Lithuania,Europe,"65,300 sq km","2,711,566 (July 2021 est.)","$37,231 (2019 est.)",8.4% (2019 est.),33.7% (of GDP) (2017 est.),$37.859 billion (2019 est.),0.82771 (2020 est.),"2,226,806",79.72% (July 2018 est.),61 (2013),"84,166 km (2012)",2.13% of GDP (2020 est.),LH-flag.jpg,https://www.cia.gov/the-world-factbook/static/e8316ad57971f25817c74e752f291ad9/ebd47/LH-flag.jpg
United Kingdom,Europe,"243,610 sq km",67.081 million United Kingdom (June 2020 est.),"$46,659 (2019 est.)",3.17% (2019 est.),39.1% (of GDP) (2017 est.),"$8,721,590,000,000 (2019 est.)",0.7836 (2017 est.),"61,784,878",94.9% (July 2018 est.),460 (2013),"394,428 km (2009)",2.32% of GDP (2020 est.),UK-flag.jpg,https://www.cia.gov/the-world-factbook/static/207adb1f82584e4e4812247ee3870228/0e166/UK-flag.jpg
Ukraine,Europe,"603,550 sq km","43,745,640 (July 2021 est.)","$12,810 (2019 est.)",8.89% (2019 est.),26.6% (of GDP) (2017 est.),$117.41 billion (2019 est.),28.10001 (2020 est.),"25,883,509",58.89% (July 2018 est.),187 (2013),"169,694 km (2012)",3% of GDP (2020 est.),UP-flag.jpg,https://www.cia.gov/the-world-factbook/static/87a4aeb8fcc0c39b9318b06ae86fc055/ebd47/UP-flag.jpg
Wallis and Futuna,Australia - Oceania,142 sq km,"15,851 (July 2021 est.)","$3,800 (2004 est.)",8.8% (2013 est.),16.7% (of GDP) NA (2015 est.),$3.67 million (2004),110.2 (2015 est.),"3,450",22.1% (July 2016 est.),2 (2013),,,WF-flag.jpg,https://www.cia.gov/the-world-factbook/static/a90e16006ee292e8e781436090ca3d49/5969b/WF-flag.jpg
Wake Island,Australia - Oceania,7 sq km,no indigenous inhabitants (2018 est.),,,,,,,,1 (2018),,,WQ-flag.jpg,https://www.cia.gov/the-world-factbook/static/f96df137308fd8684c546bc3d6e8923b/62cd1/WQ-flag.jpg
Vanuatu,Australia - Oceania,"12,189 sq km","303,009 (July 2021 est.)","$3,153 (2019 est.)",1.7% (1999 est.),27.2% (of GDP) (2017 est.),$200.5 million (31 December 2017 est.),111.015 (2020 est.),"74,083",25.72% (July 2018 est.),31 (2013),"1,070 km (2000)",,NH-flag.jpg,https://www.cia.gov/the-world-factbook/static/176472600afd60443027958a36106d2a/bd0f3/NH-flag.jpg
United States Pacific Island Wildlife Refuges,Australia - Oceania,"6,959.41 sq km (emergent land - 22.41 sq km; submerged - 6,937 sq km)",no indigenous inhabitants,,,,,,,,"one abandoned World War II runway of 1,665 m covered with vegetation and unusable (2013)",,,UM-flag.jpg,https://www.cia.gov/the-world-factbook/static/15cf3a1ff557bdbc325dd64f326e0d70/aab14/UM-flag.jpg
Tuvalu,Australia - Oceania,26 sq km,"11,448 (July 2021 est.)","$4,281 (2019 est.)",NA,106.7% (of GDP) (2013 est.),NA,1.311 (2017 est.),"5,498",49.32% (July 2018 est.),1 (2013),8 km (2011),,TV-flag.jpg,https://www.cia.gov/the-world-factbook/static/7d005f2fd619c8a6b8c33a055e55f241/57897/TV-flag.jpg
Tonga,Australia - Oceania,747 sq km,"105,780 (July 2021 est.)","$6,383 (2019 est.)",1.1% (2011 est.),39.8% (of GDP) (2017 est.),$189.9 million (31 December 2017 est.),2.27015 (2020 est.),"43,889",41.25% (July 2018 est.),6 (2013),680 km (2011),,TN-flag.jpg,https://www.cia.gov/the-world-factbook/static/c34f77c6ec53ed4390e75a4acfb2de02/bd861/TN-flag.jpg
Tokelau,Australia - Oceania,12 sq km,"1,647 (2019 est.)","$6,004 (2017 est.)",2% (2015 est.),,,1.543 (2017 est.),805,60.2% (July 2016 est.),,10 km (2019),,TL-flag.jpg,https://www.cia.gov/the-world-factbook/static/4a25cb6926d3e3a956f18202949568c0/8ce40/TL-flag.jpg
Solomon Islands,Australia - Oceania,"28,896 sq km","690,598 (July 2021 est.)","$2,663 (2019 est.)",NA,41% (of GDP) (2017 est.),$757 million (31 December 2017 est.),8.06126 (2020 est.),"78,686",11.92% (July 2018 est.),36 (2013),"1,390 km (2011)",,BP-flag.jpg,https://www.cia.gov/the-world-factbook/static/a53181b27ef4c0f454eaa623490a412e/ebd47/BP-flag.jpg
Samoa,Australia - Oceania,"2,831 sq km","204,898 (July 2021 est.)","$6,521 (2019 est.)",5.2% (2017 est.),28.2% (of GDP) (2017 est.),$447.2 million (31 December 2013 est.),2.54712 (2020 est.),"67,662",33.61% (July 2018 est.),4 (2013),"1,150 km (2018)",,WS-flag.jpg,https://www.cia.gov/the-world-factbook/static/1413cf45e17f9b28a31b67fce55c1837/bd861/WS-flag.jpg
Virgin Islands,Central America,"1,910 sq km","105,870 (July 2021 est.)","$37,000 (2016 est.)",10.4% (2017 est.),28.9% (of GDP) (2016 est.),NA,1,"68,872",64.38% (July 2018 est.),2 (2013),"1,260 km (2008)",,VQ-flag.jpg,https://www.cia.gov/the-world-factbook/static/ea45ae943045ec5906f97dc88bae3c2b/48d1c/VQ-flag.jpg
Turks and Caicos Islands,Central America,948 sq km,"57,196 (July 2021 est.)","$29,253 (2019 est.)",10% (1997 est.),,NA,1,,,8 (2013),121 km (2003),,TK-flag.jpg,https://www.cia.gov/the-world-factbook/static/ed4bb88b91121b505d4e6a06f50a8680/57897/TK-flag.jpg
Trinidad and Tobago,Central America,"5,128 sq km","1,221,047 (July 2021 est.)","$26,176 (2019 est.)",4.9% (2017 est.),24.5% (of GDP) (2017 est.),$8.238 billion (31 December 2017 est.),6.78 (2017 est.),"939,967",77.33% (July 2018 est.),4 (2013),,0.7% of GDP (2019),TD-flag.jpg,https://www.cia.gov/the-world-factbook/static/a7ab59eaaafd82bd81be8afbe1920e96/58d26/TD-flag.jpg
Sint Maarten,Central America,34 sq km,"44,564 (July 2021 est.)","$35,342 (2018 est.)",12% (2012 est.),,,1.79 (2017 est.),,,1 (2013),53 km,,NN-flag.jpg,https://www.cia.gov/the-world-factbook/static/7b46eaa4fb933f359f55e2ae0d3712ef/1fdfb/NN-flag.jpg
Saint Vincent and the Grenadines,Central America,389 sq km (Saint Vincent 344 sq km),"101,145 (July 2021 est.)","$12,485 (2019 est.)",18.8% (2008 est.),28.7% (of GDP) (2017 est.),$362.2 million (31 December 2017 est.),2.7 (2017 est.),"22,803",22.39% (July 2018 est.),6 (2013),,,VC-flag.jpg,https://www.cia.gov/the-world-factbook/static/821765cdfb2b89fdf4946a8cb2d7fd2b/aab14/VC-flag.jpg
Saint Martin,Central America,54 sq km,"32,680 (July 2021 est.)","$19,300 (2005 est.)",,,,0.885 (2017 est.),"1,100",3.5% (July 2016 est.),1 (2013),,,RN-flag.jpg,https://www.cia.gov/the-world-factbook/static/9ba4e26cdddac6f251c88b382230c951/ebd47/RN-flag.jpg
Switzerland,Europe,"41,277 sq km","8,453,550 (July 2021 est.)","$68,628 (2019 est.)",2.31% (2019 est.),35.7% (of GDP) (2017 est.),"$1,909,446,000,000 (2019 est.)",0.88995 (2020 est.),"7,437,820",89.69% (July 2018 est.),63 (2013),"71,557 km (2017)",0.7% of GDP (2019),SZ-flag.jpg,https://www.cia.gov/the-world-factbook/static/c56c352692a6086f7357e7acad58c29e/d94fe/SZ-flag.jpg
Sweden,Europe,"450,295 sq km","10,261,767 (July 2021 est.)","$53,240 (2019 est.)",6.78% (2019 est.),50.6% (of GDP) (2017 est.),$911.317 billion (2019 est.),8.49085 (2020 est.),"9,251,773",92.14% (July 2018 est.),231 (2013),"573,134 km (includes 2,050 km of expressways) (2016)",1.1% of GDP (2020 est.),SW-flag.jpg,https://www.cia.gov/the-world-factbook/static/3f368b3332301f9bd43f6b20882fcaf6/aab14/SW-flag.jpg
Svalbard,Europe,"62,045 sq km","2,926 (January 2021 est.)",,,NA,,8.308 (2017 est.),,,4 (2013),40 km (2020),,SV-flag.jpg,https://www.cia.gov/the-world-factbook/static/c8d2d2313405a63c442e73201de0c8a6/1e77e/SV-flag.jpg
Spain,Europe,"505,370 sq km","47,260,584 (July 2021 est.)","$40,903 (2019 est.)",14.13% (2019 est.),37.9% (of GDP) (2017 est.),"$2,338,853,000,000 (2019 est.)",0.82771 (2020 est.),"42,478,990",86.11% (July 2018 est.),135 (2020),"683,175 km (2011)",1.17% of GDP (2020 est.),SP-flag.jpg,https://www.cia.gov/the-world-factbook/static/d21e89432a1c16c63e5b3c2ecd020800/bd0f3/SP-flag.jpg
Slovenia,Europe,"20,273 sq km","2,102,106 (July 2021 est.)","$39,088 (2019 est.)",7.64% (2019 est.),43.1% (of GDP) (2017 est.),$48.656 billion (2019 est.),0.82771 (2020 est.),"1,676,445",79.75% (July 2018 est.),16 (2020),"38,985 km (2012)",1.1% of GDP (2020 est.),SI-flag.jpg,https://www.cia.gov/the-world-factbook/static/e4cbb8a2d0882bd05f11d309ade78061/beba3/SI-flag.jpg
Slovakia,Europe,"49,035 sq km","5,436,066 (July 2021 est.)","$32,730 (2019 est.)",5% (2019 est.),39.4% (of GDP) (2017 est.),$115.853 billion (2019 est.),0.82771 (2020 est.),"4,391,969",80.66% (July 2018 est.),35 (2013),"56,926 km (includes local roads, national roads, and 464 km of highways) (2016)",2% of GDP (2020 est.),LO-flag.jpg,https://www.cia.gov/the-world-factbook/static/84ffb769efe3badaecb055fbbf3f80e8/ebd47/LO-flag.jpg
Serbia,Europe,"77,474 sq km","6,974,289 (July 2021 est.)","$18,233 (2019 est.)",14.1% (2017 est.),42.7% (of GDP) (2017 est.),$30.927 billion (2019 est.),112.4 (2017 est.),"5,192,501",73.36% (July 2018 est.),26 (2013),"44,248 km (2016)",2.4% of GDP (2020 est.),RI-flag.jpg,https://www.cia.gov/the-world-factbook/static/63a2aebf70b3818de983fa244a311631/beba3/RI-flag.jpg
San Marino,Europe,61 sq km,"34,467 (July 2021 est.)","$59,439 (2018 est.)",8.1% (2017 est.),40.6% (of GDP) (2011 est.),NA,0.885 (2017 est.),"20,328",60.18% (July 2018 est.),,292 km (2006),,SM-flag.jpg,https://www.cia.gov/the-world-factbook/static/511c67eb0e25abf3eb2588a0772b8e25/d94fe/SM-flag.jpg
Romania,Europe,"238,391 sq km","21,230,362 (July 2021 est.)","$29,941 (2019 est.)",3.06% (2019 est.),29.3% (of GDP) (2017 est.),$117.829 billion (2019 est.),4.02835 (2020 est.),"15,165,890",70.68% (July 2018 est.),45 (2013),"84,185 km (2012)",2.07% of GDP (2020 est.),RO-flag.jpg,https://www.cia.gov/the-world-factbook/static/d07cdf9b0b839fae260039cbda4ae993/ebd47/RO-flag.jpg
Portugal,Europe,"92,090 sq km","10,263,850 (July 2021 est.)","$34,894 (2019 est.)",6.55% (2019 est.),42.9% (of GDP) (2017 est.),$462.431 billion (2019 est.),0.82771 (2020 est.),"7,731,411",74.66% (July 2018 est.),64 (2013),"82,900 km (2008)",1.59% of GDP (2020 est.),PO-flag.jpg,https://www.cia.gov/the-world-factbook/static/af180b3f8f3faff0f31a3b53632b7a98/478ba/PO-flag.jpg
Poland,Europe,"312,685 sq km","38,185,913 (July 2021 est.)","$33,221 (2019 est.)",5.43% (2019 est.),39.5% (of GDP) (2017 est.),$351.77 billion (2019 est.),3.6684 (2020 est.),"29,791,401",77.54% (July 2018 est.),126 (2013),"420,000 km (2016)",2.2% of GDP (2021 est.),PL-flag.jpg,https://www.cia.gov/the-world-factbook/static/3c887f3b50380d14cce3cd54504ffc98/84078/PL-flag.jpg
Norway,Europe,"323,802 sq km","5,509,591 (July 2021 est.)","$63,633 (2019 est.)",3.72% (2019 est.),54.4% (of GDP) (2017 est.),$651.04 billion (2019 est.),8.81535 (2020 est.),"5,183,627",96.49% (July 2018 est.),95 (2013),"94,902 km (includes 455 km of expressways) (2018)",2% of GDP (2020 est.),NO-flag.jpg,https://www.cia.gov/the-world-factbook/static/1719ca26d5d01b94e0697da2c7bec587/ad4e0/NO-flag.jpg
North Macedonia,Europe,"25,713 sq km","2,128,262 (July 2021 est.)","$16,479 (2019 est.)",17.29% (2019 est.),29% (of GDP) (2017 est.),$9.065 billion (2019 est.),55.8 (2017 est.),"1,677,569",79.17% (July 2018 est.),10 (2013),"14,182 km (includes 290 km of expressways) (2017)",1.57% of GDP (2021 est.),MK-flag.jpg,https://www.cia.gov/the-world-factbook/static/1b99bd1a848dc241a1975cb8b1c45fb3/aab14/MK-flag.jpg
Netherlands,Europe,"41,543 sq km","17,337,403 (July 2021 est.)","$56,935 (2019 est.)",3.41% (2019 est.),43.4% (of GDP) (2017 est.),"$4,345,413,000,000 (2019 est.)",0.82771 (2020 est.),"16,243,928",94.71% (July 2018 est.),29 (2013),"139,124 km (includes 3,654 km of expressways) (2016)",1.49% of GDP (2020 est.),NL-flag.jpg,https://www.cia.gov/the-world-factbook/static/5c43f5bf65fb2d64d0fd074d3128845f/ebd47/NL-flag.jpg
Montenegro,Europe,"13,812 sq km","607,414 (July 2021 est.)","$21,470 (2019 est.)",15.82% (2019 est.),37.2% (of GDP) (2017 est.),$2.516 billion (31 December 2017 est.),0.885 (2017 est.),"439,311",71.52% (July 2018 est.),5 (2013),"7,762 km (2010)",1.72% of GDP (2020 est.),MJ-flag.jpg,https://www.cia.gov/the-world-factbook/static/0809c26db173396575edc3b8aded4352/aab14/MJ-flag.jpg
Monaco,Europe,2 sq km,"31,223 (July 2021 est.)","$115,700 (2015 est.)",2% (2012),14.9% (of GDP) (2011 est.),Â NA,0.885 (2017 est.),"29,821",97.05% (July 2018 est.),,,,MN-flag.jpg,https://www.cia.gov/the-world-factbook/static/9a8017f1bb59a0e9e9c85a551d659354/aab14/MN-flag.jpg
Moldova,Europe,"33,851 sq km","3,323,875 (July 2021 est.)","$13,050 (2019 est.)",4.99% (2019 est.),30.2% (of GDP) (2017 est.),$7.232 billion (2019 est.),18.49 (2017 est.),"2,616,792",76.12% (July 2018 est.),7 (2013),"9,352 km (2012)",0.4% of GDP (2020 est.),MD-flag.jpg,https://www.cia.gov/the-world-factbook/static/4ceb6ebee56d5441bb62ba7eeae20f76/71018/MD-flag.jpg
Malta,Europe,316 sq km,"460,891 (July 2021 est.)","$44,032 (2019 est.)",0.78% (2019 est.),40.4% (of GDP) (2017 est.),$98.179 billion (2019 est.),0.82771 (2020 est.),"365,521",81.4% (July 2018 est.),1 (2013),"2,254 km (2001)",0.5% of GDP (2019),MT-flag.jpg,https://www.cia.gov/the-world-factbook/static/fc3ca9fe1ff24fe343de79484c987b4c/d94fe/MT-flag.jpg
Pitcairn Islands,Australia - Oceania,47 sq km,50 (2021 est.),,,,,1.416 (2017 est.),54,100% (July 2016 est.),,0 km,,PC-flag.jpg,https://www.cia.gov/the-world-factbook/static/5ed7e024ba2a0ce3aadec5b4c0dfa493/bd861/PC-flag.jpg
,,,,,,,,,,,,,,palmyra-atoll,https://www.cia.gov/the-world-factbook/countries/palmyra-atoll
Palau,Australia - Oceania,459 sq km,"21,613 (July 2021 est.)","$17,579 (2019 est.)",1.7% (2015 est.),66.1% (of GDP) (2016 est.),$18.38 billion (31 December 2014 est.),1,"7,650",36% (July 2016 est.),3 (2013),125 km (2018),,PS-flag.jpg,https://www.cia.gov/the-world-factbook/static/f976a2d1c40aa724b820c2d9063ff1db/d94fe/PS-flag.jpg
Northern Mariana Islands,Australia - Oceania,464 sq km,"51,659 (July 2021 est.)","$24,500 (2016 est.)",11.2% (2010 est.),31.4% (of GDP) (2016 est.),NA,1,"16,000",30.6% (July 2016 est.),5 (2013),536 km (2008),,CQ-flag.jpg,https://www.cia.gov/the-world-factbook/static/92c44d539a0904ed319f330a4b427c48/aab14/CQ-flag.jpg
Norfolk Island,Australia - Oceania,36 sq km,"1,748 (2016 est.)",,,,NA,1.311 (2017 est.),765,34.6% (July 2016 est.),1 (2013),80 km (2008),,NF-flag.jpg,https://www.cia.gov/the-world-factbook/static/1455eb8ab83d7beeb05f36dc09ddc94d/bd861/NF-flag.jpg
Niue,Australia - Oceania,260 sq km,"2,000 (July 2021 est.)","$5,800 (2003 est.)",12% (2001),,"$418,000 (2002 est.)",1.416 (2017 est.),"1,090",91.6% (July 2016 est.),1 (2021),234 km (2017),,NE-flag.jpg,https://www.cia.gov/the-world-factbook/static/6c50e3cc06ecf91141d7a4f64e36aed0/bd861/NE-flag.jpg
New Zealand,Australia - Oceania,"268,838 sq km","4,991,442 (July 2021 est.)","$42,888 (2019 est.)",4.13% (2019 est.),36.8% (of GDP) (2017 est.),$190.621 billion (2019 est.),1.41794 (2020 est.),"4,340,672",90.81% (July 2018 est.),123 (2013),"94,000 km (2017)",1.5% of GDP (2019),NZ-flag.jpg,https://www.cia.gov/the-world-factbook/static/806fceacb2cc0d2ac59c30db0e653d2b/0e166/NZ-flag.jpg
New Caledonia,Australia - Oceania,"18,575 sq km","293,608 (July 2021 est.)","$31,100 (2015 est.)",14.7% (2014),20.4% (of GDP) (2015 est.),$112 million (31 December 2013 est.),110.2 (2017 est.),"231,887",82.01% (July 2018 est.),25 (2013),"5,622 km (2006)",,NC-flag.jpg,https://www.cia.gov/the-world-factbook/static/9ba4e26cdddac6f251c88b382230c951/ebd47/NC-flag.jpg
Nauru,Australia - Oceania,21 sq km,"9,770 (July 2021 est.)","$11,583 (2019 est.)",23% (2011 est.),90.3% (of GDP) (2017 est.),$33.3 million (2004 est.),1.311 (2017 est.),"5,524",57% (July 2018 est.),1 (2013),30 km (2002),,NR-flag.jpg,https://www.cia.gov/the-world-factbook/static/d1cb9100d645c7d70979da4d5048048d/bd861/NR-flag.jpg
,,,,,,,,,,,,,,midway-islands,https://www.cia.gov/the-world-factbook/countries/midway-islands
"Micronesia, Federated States of",Australia - Oceania,702 sq km,"101,675 (July 2021 est.)","$3,464 (2018 est.)",16.2% (2010 est.),65.2% (of GDP) (FY12/13 est.),$93.6 million (2013 est.),1,"36,586",35.3% (July 2018 est.),6 (2013),"note - paved and unpaved circumferential roads, most interior roads are unpaved",,FM-flag.jpg,https://www.cia.gov/the-world-factbook/static/8aefc813dcff7090ab325f3e7ababf15/58d26/FM-flag.jpg
Marshall Islands,Australia - Oceania,181 sq km,"78,831 (July 2021 est.)","$3,889 (2018 est.)",36% (2006 est.),52.6% (of GDP) (2013 est.),$97.96 million (2013 est.),1,"29,290",38.7% (July 2018 est.),15 (2013),"2,028 km (2007)",,RM-flag.jpg,https://www.cia.gov/the-world-factbook/static/13849baca93737f0bed7a0da7cb14726/bd861/RM-flag.jpg
Kiribati,Australia - Oceania,811 sq km,"113,001 (July 2021 est.)","$2,272 (2019 est.)",30.6% (2010 est.),76.8% (of GDP) (2017 est.),$40.9 million (2016 est.),1.31 (2017 est.),"15,946",14.58% (July 2018 est.),19 (2013),670 km (2017),,KR-flag.jpg,https://www.cia.gov/the-world-factbook/static/b03f04db649f43ae3690cef1027e2d56/d94fe/KR-flag.jpg
,,,,,,,,,,,,,,kingman-reef,https://www.cia.gov/the-world-factbook/countries/kingman-reef
,,,,,,,,,,,,,,johnston-atoll,https://www.cia.gov/the-world-factbook/countries/johnston-atoll
,,,,,,,,,,,,,,jarvis-island,https://www.cia.gov/the-world-factbook/countries/jarvis-island
,,,,,,,,,,,,,,howland-island,https://www.cia.gov/the-world-factbook/countries/howland-island
Guam,Australia - Oceania,544 sq km,"168,801 (July 2021 est.)","$35,600 (2016 est.)",4.5% (2017 est.),21.4% (of GDP) (2016 est.),NA,1,"135,073",80.51% (July 2018 est.),5 (2013),"1,045 km (2008)",,GQ-flag.jpg,https://www.cia.gov/the-world-factbook/static/27540a7789f0e25aa66538c005f5ac42/aab14/GQ-flag.jpg
French Polynesia,Australia - Oceania,"4,167 sq km (118 islands and atolls; 67 are inhabited)","297,154 (July 2021 est.)","$17,000 (2015 est.)",21.8% (2012),39.4% (of GDP) (2012),NA,110.2 (2017 est.),"211,101",72.7% (July 2018 est.),54 (2013),"2,590 km (1999)",,FP-flag.jpg,https://www.cia.gov/the-world-factbook/static/516c0c4d2374e00505c16101f44b22df/ebd47/FP-flag.jpg
Fiji,Australia - Oceania,"18,274 sq km","939,535 (July 2021 est.)","$13,684 (2019 est.)",4.5% (2017 est.),29.7% (of GDP) (2017 est.),$1.022 billion (31 December 2017 est.),2.05955 (2020 est.),"462,860",49.97% (July 2018 est.),28 (2013),"3,440 km (2011)",1.6% of GDP (2019),FJ-flag.jpg,https://www.cia.gov/the-world-factbook/static/df9716822d38505a403a6c0af6bb83a1/6927b/FJ-flag.jpg
Coral Sea Islands,Australia - Oceania,3 sq km less than,no indigenous inhabitants (July 2021 est.),,,,,,,,,,,CR-flag.jpg,https://www.cia.gov/the-world-factbook/static/b3526e3d199489a9690b9ab17966c5b4/bd861/CR-flag.jpg
Cook Islands,Australia - Oceania,236 sq km,"8,327 (July 2021 est.)","$16,700 (2016 est.)",13.1% (2005),29% (of GDP) (2010 est.),$141 million (1996 est.),1.416 (2017 est.),"4,881",54% (July 2018 est.),11 (2013),295 km (2018),,CW-flag.jpg,https://www.cia.gov/the-world-factbook/static/42ca5a6b6976e0431a66d28f3d4f9a5d/0e166/CW-flag.jpg
Cocos (Keeling) Islands,Australia - Oceania,14 sq km,596 (July 2014 est.),,0.1% (2011),,,1.311 (2017 est.),,,1 (2020),22 km (2007),,CK-flag.jpg,https://www.cia.gov/the-world-factbook/static/b3526e3d199489a9690b9ab17966c5b4/bd861/CK-flag.jpg
Christmas Island,Australia - Oceania,135 sq km,"2,205 (2016 est.)",,,,,1.311 (2017 est.),790,35.8% (July 2016 est.),1 (2020),142 km (2011),,KT-flag.jpg,https://www.cia.gov/the-world-factbook/static/b22c5bb0553bf8af2fce61fe1a8e129e/aab14/KT-flag.jpg
,,,,,,,,,,,,,,baker-island,https://www.cia.gov/the-world-factbook/countries/baker-island
Australia,Australia - Oceania,"7,741,220 sq km","25,809,973 (July 2021 est.)","$49,854 (2019 est.)",5.16% (2019 est.),35.5% (of GDP) (2017 est.),"$3,115,913,000,000 (2019 est.)",1.34048 (2020 est.),"21,419,302",86.55% (July 2018 est.),418 (2020),"873,573 km (2015)",2.1% of GDP (2021 est.),AS-flag.jpg,https://www.cia.gov/the-world-factbook/static/b3526e3d199489a9690b9ab17966c5b4/bd861/AS-flag.jpg
Ashmore and Cartier Islands,Australia - Oceania,5 sq km,no indigenous inhabitants (July 2021 est.),,,,,,,,,,,AT-flag.jpg,https://www.cia.gov/the-world-factbook/static/b3526e3d199489a9690b9ab17966c5b4/bd861/AT-flag.jpg
Yemen,Middle East,"527,968 sq km","30,399,243 (July 2021 est.)","$2,500 (2017 est.)",27% (2014 est.),9% (of GDP) (2017 est.),$6.805 billion (2018 est.),275 (2017 est.),"7,659,884",26.72% (July 2018 est.),57 (2013),"71,300 km (2005)",4.3% of GDP (2014),YM-flag.jpg,https://www.cia.gov/the-world-factbook/static/ef03f3a4740eb9c84e5bd7686c86b09f/ebd47/YM-flag.jpg
Saint Lucia,Central America,616 sq km,"166,637 (July 2021 est.)","$15,449 (2019 est.)",20% (2003 est.),23.6% (of GDP) (2017 est.),$570.6 million (31 December 2017 est.),2.7 (2017 est.),"84,112",50.82% (July 2018 est.),2 (2013),"1,210 km (2011)",,ST-flag.jpg,https://www.cia.gov/the-world-factbook/static/6e75a452a3759be5e548edc1614b0d13/aab14/ST-flag.jpg
Saint Kitts and Nevis,Central America,261 sq km (Saint Kitts 168 sq km; Nevis 93 sq km),"54,149 (July 2021 est.)","$26,438 (2019 est.)",4.5% (1997),31.9% (of GDP) (2017 est.),$201.8 million (31 December 2017 est.),2.7 (2017 est.),"42,852",80.71% (July 2018 est.),2 (2013),383 km (2002),,SC-flag.jpg,https://www.cia.gov/the-world-factbook/static/d56d14ba4a6e37a07e68f19eeaf84b17/ebd47/SC-flag.jpg
Saint Barthelemy,Central America,25 sq km,"7,116 (July 2021 est.)",,,,,0.885 (2017 est.),,,1 (2013),40 km,,TB-flag.jpg,https://www.cia.gov/the-world-factbook/static/9ba4e26cdddac6f251c88b382230c951/ebd47/TB-flag.jpg
Puerto Rico,Central America,"9,104 sq km","3,142,779 (July 2021 est.)","$34,518 (2019 est.)",10.8% (2017 est.),8.9% (of GDP) (2017 est.),$56.82 billion (31 December 2010 est.),1,"2,326,006",70.6% (July 2018 est.),29 (2013),"26,862 km (includes 454 km of expressways) (2012)",,RQ-flag.jpg,https://www.cia.gov/the-world-factbook/static/ad53f67ac5201dce67824d461ab32c75/bd861/RQ-flag.jpg
Panama,Central America,"75,420 sq km","3,928,646 (July 2021 est.)","$31,459 (2019 est.)",6.14% (2018 est.),20.1% (of GDP) (2017 est.),$101.393 billion (2019 est.),1 (2017 est.),"2,199,433",57.87% (July 2018 est.),117 (2013),,1.2% of GDP (2017),PM-flag.jpg,https://www.cia.gov/the-world-factbook/static/43f60e74fdf26edddfd37e46cb8a4b70/d94fe/PM-flag.jpg
Nicaragua,Central America,"130,370 sq km","6,243,931 (July 2021 est.)","$5,407 (2019 est.)",6.4% (2017 est.),28% (of GDP) (2017 est.),$11.674 billion (2019 est.),30.11 (2017 est.),"1,695,340",27.86% (July 2018 est.),147 (2013),"23,897 km (2014)",0.7% of GDP (2019),NU-flag.jpg,https://www.cia.gov/the-world-factbook/static/e7fbd45ddee537314b7a6fdda19ac7e2/bd861/NU-flag.jpg
Navassa Island,Central America,5 sq km,uninhabited; transient Haitian fishermen and others camp on the island,,,,,,,,,,,BQ-flag.jpg,https://www.cia.gov/the-world-factbook/static/135ee3ca0c6e2e850baee266754b102c/aab14/BQ-flag.jpg
Montserrat,Central America,102 sq km,"5,387 (July 2021 est.)","$34,000 (2011 est.)",5.6% (2017 est.),,$8.9 million (1997),2.7 (2017 est.),"2,860",54.6% (July 2016 est.),1 (2013), volcanic eruptions that began in 1995 destroyed most of the 227 km road system; a new road infrastructure has been built on the north end of the island,,MH-flag.jpg,https://www.cia.gov/the-world-factbook/static/f497c7c0af8433cc87ace25662d06fd9/6927b/MH-flag.jpg
Jamaica,Central America,"10,991 sq km","2,816,602 (July 2021 est.)","$9,762 (2019 est.)",7.72% (2019 est.),29.7% (of GDP) (2017 est.),$13.876 billion (2019 est.),128.36 (2017 est.),"1,548,618",55.07% (July 2018 est.),28 (2013),"22,121 km (includes 44 km of expressways) (2011)",1.6% of GDP (2019),JM-flag.jpg,https://www.cia.gov/the-world-factbook/static/7cdfdec7aab8523c71170f2696421c9d/bd861/JM-flag.jpg
Honduras,Central America,"112,090 sq km","9,346,277 (July 2021 est.)","$5,728 (2019 est.)",5.6% (2017 est.),20.3% (of GDP) (2017 est.),$9.137 billion (2019 est.),23.74 (2017 est.),"2,853,505",31.7% (July 2018 est.),103 (2013),"14,742 km (2012)",1.6% of GDP (2019),HO-flag.jpg,https://www.cia.gov/the-world-factbook/static/3b5e4c520dabf794eb80939b7755f8c3/6927b/HO-flag.jpg
Haiti,Central America,"27,750 sq km","11,198,240 (July 2021 est.)","$2,905 (2019 est.)",40.6% (2010 est.),18.2% (of GDP) (2017 est.),$2.762 billion (31 December 2017 est.),65.21 (2017 est.),"3,503,006",32.47% (July 2018 est.),14 (2013),"4,266 km (2009)",,HA-flag.jpg,https://www.cia.gov/the-world-factbook/static/2a1b90800af8530bf6fde9ab9a0445ea/d94fe/HA-flag.jpg
Guatemala,Central America,"108,889 sq km","17,422,821 (July 2021 est.)","$8,637 (2019 est.)",2.3% (2017 est.),10.8% (of GDP) (2017 est.),$22.92 billion (31 December 2017 est.),7.323 (2017 est.),"10,777,827",65% (July 2018 est.),291 (2013),"17,621 km (2016)",0.4% of GDP (2019),GT-flag.jpg,https://www.cia.gov/the-world-factbook/static/57ec37c7073a7e267b5406fb772d0113/1fdfb/GT-flag.jpg
Grenada,Central America,344 sq km,"113,570 (July 2021 est.)","$17,039 (2019 est.)",24% (2017 est.),25.8% (of GDP) (2017 est.),$793.5 million (2017 est.),2.7 (2017 est.),"66,281",59.07% (July 2018 est.),3 (2013),"1,127 km (2017)",,GJ-flag.jpg,https://www.cia.gov/the-world-factbook/static/b1b7e87073621a468ab691631686fc1e/f88d1/GJ-flag.jpg
El Salvador,Central America,"21,041 sq km","6,528,135 (July 2021 est.)","$8,776 (2019 est.)",7% (2017 est.),23.7% (of GDP) (2017 est.),$17.24 billion (2019 est.),1 (2017 est.),"2,153,776",33.82% (July 2018 est.),68 (2013),"9,012 km (2017)",1.2% of GDP (2019),ES-flag.jpg,https://www.cia.gov/the-world-factbook/static/d57ea746ed6644a80c07ea5ddeadbdfe/a9ee0/ES-flag.jpg
Dominican Republic,Central America,"48,670 sq km","10,597,348 (July 2021 est.)","$18,413 (2019 est.)",5.1% (2017 est.),14.9% (of GDP) (2017 est.),$23.094 billion (2019 est.),47.42 (2017 est.),"7,705,529",74.82% (July 2018 est.),36 (2013),"19,705 km (2002)",0.7% of GDP (2019),DR-flag.jpg,https://www.cia.gov/the-world-factbook/static/28eae13e6f0abab23e1b3e9f4b224e38/e87bd/DR-flag.jpg
Dominica,Central America,751 sq km,"74,584 (July 2021 est.)","$11,917 (2019 est.)",23% (2000 est.),40.9% (of GDP) (2017 est.),$280.4 million (31 December 2017 est.),2.7 (2017 est.),"51,538",69.62% (July 2018 est.),2 (2020),"1,512 km (2018)",,DO-flag.jpg,https://www.cia.gov/the-world-factbook/static/d58c6838e2a8593a26ce0efb8fcb3bc9/bd861/DO-flag.jpg
Curacao,Central America,444 sq km,"151,885 (July 2021 est.)","$24,479 (2019 est.)",13% (2013 est.),16.6% (of GDP) (2012 est.),,1.79 (2017 est.),"102,359",68.13% (July 2018 est.),1 (2020),550 km,,UC-flag.jpg,https://www.cia.gov/the-world-factbook/static/f6ebc382443e2e57f73fa1dc589532cc/aab14/UC-flag.jpg
Cuba,Central America,"110,860 sq km","11,032,343 (July 2021 est.)","$12,300 (2016 est.)",2.6% (2017 est.),58.1% (of GDP) (2017 est.),$30.06 billion (31 December 2017 est.),1 (2017 est.),"6,353,020",57.15% (July 2018 est.),133 (2017),"60,000 km (2015)",2.9% of GDP (2018),CU-flag.jpg,https://www.cia.gov/the-world-factbook/static/8061442a83ec52dabe4c68548b07c7ad/6927b/CU-flag.jpg
Costa Rica,Central America,"51,100 sq km","5,151,140 (July 2021 est.)","$19,642 (2019 est.)",8.1% (2017 est.),14.3% (of GDP) (2017 est.),$29.589 billion (2019 est.),573.5 (2017 est.),"3,694,974",74.09% (July 2018 est.),161 (2013),"5,035 km (2017)",0.7% of GDP (2017),CS-flag.jpg,https://www.cia.gov/the-world-factbook/static/582dd53d785c413d78bbd0ad7e090eae/a9ee0/CS-flag.jpg
Cayman Islands,Central America,264 sq km,"63,131 (July 2021 est.)","$71,549 (2018 est.)",4% (2008),38.9% (of GDP) (2017 est.),,0.82 (2017 est.),"48,328",81.07% (July 2018 est.),3 (2020),785 km (2007),,CJ-flag.jpg,https://www.cia.gov/the-world-factbook/static/e3125bd80c9b8e8f8e4ee414d8e85e80/bd861/CJ-flag.jpg
British Virgin Islands,Central America,151 sq km,"37,891 (July 2021 est.)","$34,200 (2017 est.)",2.9% (2015 est.),38.9% (of GDP) (2017 est.),$36.1 million (1997),1,"27,818",77.7% (July 2018 est.),4 (2020),200 km (2007),,VI-flag.jpg,https://www.cia.gov/the-world-factbook/static/eb22f6fab442bae39c8828da1487f70f/57897/VI-flag.jpg
Belize,Central America,"22,966 sq km","405,633 (July 2021 est.)","$7,005 (2019 est.)",9% (2017 est.),29.9% (of GDP) (2017 est.),$1.315 billion (31 December 2017 est.),2 (2017 est.),"181,660",47.08% (July 2018 est.),47 (2013),"3,281 km (2017)",1.2% of GDP (2019),BH-flag.jpg,https://www.cia.gov/the-world-factbook/static/d9397848051f774c332e65f5a6b87fbe/ebd47/BH-flag.jpg
Barbados,Central America,430 sq km,"301,865 (July 2021 est.)","$15,639 (2019 est.)",10.1% (2017 est.),29.4% (of GDP) (2017 est.),$4.49 billion (2010 est.),2 (2017 est.),"239,664",81.76% (July 2018 est.),1 (2020),"1,700 km (2015)",0.9% of GDP (2017),BB-flag.jpg,https://www.cia.gov/the-world-factbook/static/99bc2add8d354fb43bf83573e5745adc/d94fe/BB-flag.jpg
"Bahamas, The",Central America,"13,880 sq km","352,655 (July 2021 est.)","$37,101 (2019 est.)",10.1% (2017 est.),17.6% (of GDP) (2017 est.),$17.56 billion (31 December 2013 est.),1 (2017 est.),"282,739",85% (July 2018 est.),54 (2020),"2,700 km (2011)",,BF-flag.jpg,https://www.cia.gov/the-world-factbook/static/4b154032f603332afbbe5304d2daa1bb/bd861/BF-flag.jpg
Aruba,Central America,180 sq km,"120,917 (July 2021 est.)","$37,500 (2017 est.)",7.7% (2016 est.),25.2% (of GDP) (2017 est.),$693.2 million (31 December 2014 est.),1.79 (2017 est.),"113,277",97.17% (July 2018 est.),1 (2020),"1,000 km (2010)",,AA-flag.jpg,https://www.cia.gov/the-world-factbook/static/4d17422d6b4c57bc04658ff0d31f1578/aab14/AA-flag.jpg
Antigua and Barbuda,Central America,443 sq km (Antigua 280 sq km; Barbuda 161 sq km),"99,175 (July 2021 est.)","$21,910 (2019 est.)",11% (2014 est.),19.6% (of GDP) (2017 est.),$441.2 million (31 December 2012),2.7 (2017 est.),"72,870",76% (July 2018 est.),3 (2020),"1,170 km (2011)",,AC-flag.jpg,https://www.cia.gov/the-world-factbook/static/2df2897de636a97a3253e01c93f38d22/aab14/AC-flag.jpg
Uzbekistan,Central Asia,"447,400 sq km","30,842,796 (July 2021 est.)","$6,999 (2019 est.)",5% (2017 est.),31.2% (of GDP) (2017 est.),$16.9 billion (31 December 2017 est.),"3,906.1 (2017 est.)","15,705,402",52.31% (July 2018 est.),53 (2013),"86,496 km (2000)",4% of GDP (2018),UZ-flag.jpg,https://www.cia.gov/the-world-factbook/static/627da7413db8f8a6b23576d04a32af3f/bd861/UZ-flag.jpg
Turkmenistan,Central Asia,"488,100 sq km","5,579,889 (July 2021 est.)","$14,845 (2018 est.)",11% (2014 est.),14.9% (of GDP) (2017 est.),$539.4 million (31 December 2017 est.),4.125 (2017 est.),"1,149,840",21.25% (July 2018 est.),26 (2013),"58,592 km (2002)",1.8% of GDP (2017),TX-flag.jpg,https://www.cia.gov/the-world-factbook/static/2888883cbb144ce1f6ccd00f44ac0e01/aab14/TX-flag.jpg
Tajikistan,Central Asia,"144,100 sq km","8,990,874 (July 2021 est.)","$3,380 (2019 est.)",2.4% (2016 est.),31.8% (of GDP) (2017 est.),$6.47 billion (2019 est.),8.764 (2017 est.),"1,889,632",21.96% (July 2018 est.),24 (2013),"30,000 km (2018)",2.2% of GDP (2017),TI-flag.jpg,https://www.cia.gov/the-world-factbook/static/2ce3597087585dd37f9ecbfe27d73b52/bd861/TI-flag.jpg
Russia,Central Asia,"17,098,242 sq km","142,320,790 (July 2021 est.)","$27,044 (2019 est.)",4.6% (2019 est.),16.4% (of GDP) (2017 est.),$479.844 billion (2019 est.),73.7569 (2020 est.),"114,920,477",80.86% (July 2018 est.),"1,218 (2013)","1,283,387 km (2012)",4% of GDP (2020 est.),RS-flag.jpg,https://www.cia.gov/the-world-factbook/static/695666b3ebbdb26647be59617b7eb858/ebd47/RS-flag.jpg
Kyrgyzstan,Central Asia,"199,951 sq km","6,018,789 (July 2021 est.)","$5,253 (2019 est.)",3.18% (2019 est.),28.7% (of GDP) (2017 est.),$8.372 billion (2019 est.),68.35 (2017 est.),"2,222,732",38% (July 2018 est.),28 (2013),"34,000 km (2018)",1.5% of GDP (2019),KG-flag.jpg,https://www.cia.gov/the-world-factbook/static/2512fc2267fa81db56cbbc586d1f0bb3/aab14/KG-flag.jpg
Vietnam,East Asia/Southeast Asia,"331,210 sq km","102,789,598 (July 2021 est.)","$8,041 (2019 est.)",3.11% (2018 est.),24.8% (of GDP) (2017 est.),$96.58 billion (31 December 2017 est.),"23,129 (2020 est.)","68,267,875",70.35% (July 2018 est.),45 (2013),"195,468 km (2013)",2.36% of GDP (2018 est.),VM-flag.jpg,https://www.cia.gov/the-world-factbook/static/b985142125bd6df381e99ae3508c5e89/d94fe/VM-flag.jpg
Timor-Leste,East Asia/Southeast Asia,"14,874 sq km","1,413,958 (July 2021 est.)","$3,553 (2019 est.)",4.4% (2014 est.),10.8% (of GDP) (2017 est.),$311.5 million (31 December 2014 est.),1,"363,398",27.49% (July 2018 est.),6 (2013),"6,040 km (2008)",1% of GDP (2019),TT-flag.jpg,https://www.cia.gov/the-world-factbook/static/6d3bfbfa6f7e5fccd6a73d3c7bef51e6/aab14/TT-flag.jpg
Thailand,East Asia/Southeast Asia,"513,120 sq km","69,480,520 (July 2021 est.)","$18,460 (2019 est.)",0.99% (2019 est.),15.2% (of GDP) (2017 est.),$167.89 billion (2019 est.),30.03 (2020 est.),"38,987,531",56.82% (July 2018 est.),101 (2013),"180,053 km (includes 450 km of expressways) (2006)",1.4% of GDP (2020 est.),TH-flag.jpg,https://www.cia.gov/the-world-factbook/static/f460216de65e28facddd0270864dfcdd/d94fe/TH-flag.jpg
Taiwan,East Asia/Southeast Asia,"35,980 sq km","23,572,052 (July 2021 est.)","$24,502 (2018 est.)",3.73% (2019 est.),16% (of GDP) (2017 est.),$189.684 billion (2019 est.),28.211 (2020 est.),"21,845,944",92.78% (July 2018 est.),37 (2013),"43,206 km (2017)",2.3% of GDP (2020 est.),TW-flag.jpg,https://www.cia.gov/the-world-factbook/static/4d4a20769d375bd7498c0105a7057255/d94fe/TW-flag.jpg
Spratly Islands,East Asia/Southeast Asia,5 sq km less than,no indigenous inhabitants (July 2021 est.),,,,,,,,8 (2020),,,spratly-islands,https://www.cia.gov/the-world-factbook/countries/spratly-islands
Singapore,East Asia/Southeast Asia,719 sq km,"5,866,139 (July 2021 est.)","$97,341 (2019 est.)",2.25% (2019 est.),15.7% (of GDP) (2017 est.),"$1,557,646,000,000 (2019 est.)",1.33685 (2020 est.),"5,286,665",88.17% (July 2018 est.),9 (2013),"3,500 km (2017)",3.3% of GDP (2020 est.),SN-flag.jpg,https://www.cia.gov/the-world-factbook/static/09767f0bc6d09ecf104f1f147aa9eddd/6a8ab/SN-flag.jpg
Philippines,East Asia/Southeast Asia,"300,000 sq km","110,818,325 (July 2021 est.)","$8,908 (2019 est.)",5.11% (2019 est.),15.6% (of GDP) (2017 est.),$81.995 billion (2019 est.),48.055 (2020 est.),"63,588,975",60.05% (July 2018 est.),247 (2013),"216,387 km (2014)",1% of GDP (2020 est.),RP-flag.jpg,https://www.cia.gov/the-world-factbook/static/d8a1a426c11d9774d55300d8da9f3f1f/bd861/RP-flag.jpg
Paracel Islands,East Asia/Southeast Asia,8 sq km ca.,"1,440 (July 2014 est.)",,,,,,,,1 (2013),,,paracel-islands,https://www.cia.gov/the-world-factbook/countries/paracel-islands
Papua New Guinea,East Asia/Southeast Asia,"462,840 sq km","7,399,757 (July 2021 est.)","$4,355 (2019 est.)",2.5% (2017 est.),18.4% (of GDP) (2017 est.),$17.94 billion (31 December 2017 est.),3.5131 (2020 est.),"787,764",11.21% (July 2018 est.),561 (2013),"9,349 km (2011)",0.4% of GDP (2019),PP-flag.jpg,https://www.cia.gov/the-world-factbook/static/fca5e93e3b98e54bb506c0a646225778/2baad/PP-flag.jpg
Mongolia,East Asia/Southeast Asia,"1,564,116 sq km","3,198,913 (July 2021 est.)","$12,317 (2019 est.)",8% (2017 est.),26.6% (of GDP) (2017 est.),$29.945 billion (2019 est.),"2,378.1 (2017 est.)","735,823",23.71% (July 2018 est.),44 (2013),"113,200 km (2017)",0.7% of GDP (2019 est.),MG-flag.jpg,https://www.cia.gov/the-world-factbook/static/334e170f21e38de7bc98127f728f1ded/2baad/MG-flag.jpg
Malaysia,East Asia/Southeast Asia,"329,847 sq km","33,519,406 (July 2021 est.)","$28,364 (2019 est.)",3.3% (2019 est.),16.4% (of GDP) (2017 est.),$224.596 billion (2019 est.),4.064 (2020 est.),"25,829,444",81.2% (July 2018 est.),114 (2013),"144,403 km (excludes local roads) (2010)",0.9% of GDP (2020 est.),MY-flag.jpg,https://www.cia.gov/the-world-factbook/static/1a35dbd9eb0b8ea8e77d83ea22c5b2c8/bd861/MY-flag.jpg
Macau,East Asia/Southeast Asia,28 sq km,"630,396 (July 2021 est.)","$123,965 (2019 est.)",2% (2017 est.),29.2% (of GDP) (2017 est.),$0 (31 December 2013),8 (2017 est.),"508,052",83.79% (July 2018 est.),1 (2013),428 km (2017),,MC-flag.jpg,https://www.cia.gov/the-world-factbook/static/93d6d827ccef14fe78075e327d70143f/d94fe/MC-flag.jpg
Laos,East Asia/Southeast Asia,"236,800 sq km","7,574,356 (July 2021 est.)","$7,826 (2019 est.)",0.7% (2017 est.),18.3% (of GDP) (2017 est.),$14.9 billion (31 December 2017 est.),"8,231.1 (2017 est.)","1,845,437",25.51% (July 2018 est.),41 (2013),"39,586 km (2009)",0.2% of GDP (2017 est.),LA-flag.jpg,https://www.cia.gov/the-world-factbook/static/a01261307b72d4c4b44ea9eb02e6a28d/aab14/LA-flag.jpg
"Korea, South",East Asia/Southeast Asia,"99,720 sq km","51,715,162 (July 2021 est.)","$42,765 (2019 est.)",3.76% (2019 est.),23.2% (of GDP) (2017 est.),$457.745 billion (2019 est.),"1,084.65 (2020 est.)","49,309,955",95.9% (July 2018 est.),111 (2013),"100,428 km (2016)",2.7% of GDP (2020 est.),KS-flag.jpg,https://www.cia.gov/the-world-factbook/static/9470069f08f52649838310aa6aab7bf1/ad4e0/KS-flag.jpg
"Korea, North",East Asia/Southeast Asia,"120,538 sq km","25,831,360 (July 2021 est.)","$1,700 (2015 est.)",25.6% (2013 est.),11.4% (of GDP) (2007 est.),$5 billion (2013 est.),135 (2017 est.),,,82 (2013),"25,554 km (2006)","in 2019, it was assessed that North Korea spent between 22% and 24% of GDP (between US$3.7 billion and US$4.2bn in 2017 dollars) annually on the military between 2007 and 2017",KN-flag.jpg,https://www.cia.gov/the-world-factbook/static/32a62338013a84333a48cfb748f4492b/bd861/KN-flag.jpg
Japan,East Asia/Southeast Asia,"377,915 sq km","124,687,293 (July 2021 est.)","$41,429 (2019 est.)",2.36% (2019 est.),35.2% (of GDP) (2017 est.),"$4,254,271,000,000 (2019 est.)",104.205 (2020 est.),"106,725,643",84.59% (July 2018 est.),175 (2013),"1,218,772 km (2015)",1% of GDP (2020),JA-flag.jpg,https://www.cia.gov/the-world-factbook/static/f8a50feaf50a9cc30a4fac576cf41c03/d94fe/JA-flag.jpg
Indonesia,East Asia/Southeast Asia,"1,904,569 sq km","275,122,131 (July 2021 est.)","$11,812 (2019 est.)",5.31% (2018 est.),13% (of GDP) (2017 est.),$393.252 billion (2019 est.),"14,110 (2020 est.)","104,563,108",39.79% (July 2018 est.),673 (2013),"496,607 km (2011)",0.7% of GDP (2020 est.),ID-flag.jpg,https://www.cia.gov/the-world-factbook/static/658471cecd516cecd70fe91324b34d02/ebd47/ID-flag.jpg
Hong Kong,East Asia/Southeast Asia,"1,108 sq km","7,263,234 (July 2021 est.)","$59,848 (2019 est.)",2.93% (2019 est.),23.2% (of GDP) (2017 est.),"$1,648,409,000,000 (2019 est.)",7.75225 (2020 est.),"6,450,167",89.42% (July 2018 est.),2 (2013),"2,107 km (2017)",,HK-flag.jpg,https://www.cia.gov/the-world-factbook/static/147ab27ecdff7ec5bfcac6b470f6f2dc/1fdfb/HK-flag.jpg
China,East Asia/Southeast Asia,"9,596,960 sq km","1,397,897,720 (July 2021 est.)","$16,117 (2019 est.)",3.64% (2019 est.),21.3% (of GDP) (2017 est.),"$2,027,950,000,000 (2019 est.)",6.5374 (2020 est.),"751,886,119",54.3% (July 2018 est.),507 (2013),"4,960,600 km (2017)",1.7% of GDP (2020 est.),CH-flag.jpg,https://www.cia.gov/the-world-factbook/static/a2fe5c3341b8238cda968f0e3564243d/e9eef/CH-flag.jpg
Cambodia,East Asia/Southeast Asia,"181,035 sq km","17,304,363 (July 2021 est.)","$4,389 (2019 est.)",0.3% (2017 est.),17.9% (of GDP) (2017 est.),$11.87 billion (31 December 2017 est.),"4,055 (2017 est.)","6,579,808",40% (July 2018 est.),16 (2013),"47,263 km (2013)",2.3% of GDP (2019 est.),CB-flag.jpg,https://www.cia.gov/the-world-factbook/static/8f53f8e336a07a7a3cd36121ebea5b9f/d94fe/CB-flag.jpg
Burma,East Asia/Southeast Asia,"676,578 sq km","57,069,099 (July 2021 est.)","$5,142 (2019 est.)",4% (2017 est.),13.5% (of GDP) (2017 est.),$6.594 billion (31 December 2017 est.),"1,361.9 (2017 est.)","17,064,985",30.68% (July 2018 est.),64 (2013),"157,000 km (2013)",2.7% of GDP (2019 est.),BM-flag.jpg,https://www.cia.gov/the-world-factbook/static/61e95281411d43c102a1d719bd22cf8e/183da/BM-flag.jpg
Liechtenstein,Europe,160 sq km,"39,425 (July 2021 est.)","$139,100 (2009 est.)",2.4% (2015),14.9% (of GDP) (2012 est.),$0 (2015 est.),0.9875 (2017 est.),"37,815",98.1% (July 2018 est.),,630 km (2019),,LS-flag.jpg,https://www.cia.gov/the-world-factbook/static/dd081e50a07216feafa0a4cc23971c44/aab14/LS-flag.jpg
Latvia,Europe,"64,589 sq km","1,862,687 (July 2021 est.)","$30,898 (2019 est.)",6.14% (2019 est.),37.5% (of GDP) (2017 est.),$40.164 billion (2019 est.),0.82771 (2020 est.),"1,607,711",83.58% (July 2018 est.),42 (2013),"70,244 km (2018)",2.27% of GDP (2020 est.),LG-flag.jpg,https://www.cia.gov/the-world-factbook/static/d56b6a3fd886fa5b060f55bf52d4a9f0/71018/LG-flag.jpg
Kosovo,Europe,"10,887 sq km","1,935,259 (July 2021 est.)","$11,368 (2019 est.)",30.5% (2017 est.),29% (of GDP) (2017 est.),$2.388 billion (2019 est.),0.885 (2017 est.),"1,706,150",89.44% (July 2018 est.),6 (2013),"2,012 km (2015)",0.8% of GDP (2019),KV-flag.jpg,https://www.cia.gov/the-world-factbook/static/73c966596261ef9112ac47e093b04012/ad4e0/KV-flag.jpg
Jersey,Europe,116 sq km,"101,476 (July 2021 est.)","$56,600 (2016 est.)",4% (2015 est.),16.6% (of GDP) (2005),NA,0.7836 (2017 est.),"58,000",59.6% (July 2016 est.),1 (2013),576 km (2010),,JE-flag.jpg,https://www.cia.gov/the-world-factbook/static/b3263b5ca2822aedac6d6b19c0ac3d13/5fa41/JE-flag.jpg
Jan Mayen,Europe,377 sq km,no indigenous inhabitants,,,,,,,,1 (2013),,,JN-flag.jpg,https://www.cia.gov/the-world-factbook/static/5798fc33d6f0583d8cbe50d99aac1984/bd0f3/JN-flag.jpg
Italy,Europe,"301,340 sq km","62,390,364 (July 2021 est.)","$42,492 (2019 est.)",9.88% (2019 est.),46.6% (of GDP) (2017 est.),"$2,463,208,000,000 (2019 est.)",0.82771 (2020 est.),"46,305,301",74.39% (July 2018 est.),129 (2013),"487,700 km (2007)",1.39% of GDP (2020 est.),IT-flag.jpg,https://www.cia.gov/the-world-factbook/static/33b85da9b15e69745c3d63b6025f5e05/29f30/IT-flag.jpg
Isle of Man,Europe,572 sq km,"90,895 (July 2021 est.)","$84,600 (2014 est.)",1.1% (2017 est.),14.2% (of GDP) (FY05/06 est.),NA,0.7836 (2017 est.),,,1 (2013),500 km (2008),,IM-flag.jpg,https://www.cia.gov/the-world-factbook/static/54df35492fb881934b6508c7a89cba97/aab14/IM-flag.jpg
Ireland,Europe,"70,273 sq km","5,224,884 (July 2021 est.)","$86,781 (2019 est.)",4.98% (2019 est.),26% (of GDP) (2017 est.),"$2,829,303,000,000 (2019 est.)",0.82771 (2020 est.),"4,283,516",84.52% (July 2018 est.),40 (2013),"99,830 km (2018)",0.27% of GDP (2020),EI-flag.jpg,https://www.cia.gov/the-world-factbook/static/1bfe999ef1051c25a748dc60e8c0b2a3/bd861/EI-flag.jpg
Iceland,Europe,"103,000 sq km","354,234 (July 2021 est.)","$55,874 (2019 est.)",3.62% (2019 est.),42.4% (of GDP) (2017 est.),$19.422 billion (2019 est.),127.05 (2020 est.),"340,117",99.01% (July 2018 est.),96 (2013),"12,898 km (2012)",,IC-flag.jpg,https://www.cia.gov/the-world-factbook/static/5383603e61da56f6586e50ecbe0ebe6f/94bd8/IC-flag.jpg
Hungary,Europe,"93,028 sq km","9,728,337 (July 2021 est.)","$32,945 (2019 est.)",3.45% (2019 est.),44.5% (of GDP) (2017 est.),$123.256 billion (2019 est.),295.3276 (2020 est.),"7,474,413",76.07% (July 2018 est.),41 (2013),"203,601 km (2014)",1.85% of GDP (2020 est.),HU-flag.jpg,https://www.cia.gov/the-world-factbook/static/6704962ae51feb23631ba10493b65d87/d94fe/HU-flag.jpg
Holy See (Vatican City),Europe,0 sq km,"1,000 (2019 est.)",,,NA,,0.885 (2017 est.),,,,,,VT-flag.jpg,https://www.cia.gov/the-world-factbook/static/358a0dd063db140b3b6ff71dfce033fd/6a8ab/VT-flag.jpg
Guernsey,Europe,78 sq km,"67,334 (July 2021 est.)","$52,500 (2014 est.)",1.2% (2016 est.),20.6% (of GDP) (2005),NA,0.7836 (2017 est.),"55,050",83.3% (July 2016 est.),2 (2013),260 km (2017),,GK-flag.jpg,https://www.cia.gov/the-world-factbook/static/36c35a3d0c116c7f43e59e38c7696efe/1fdfb/GK-flag.jpg
Greece,Europe,"131,957 sq km","10,569,703 (July 2021 est.)","$29,799 (2019 est.)",17.3% (2019 est.),48.8% (of GDP) (2017 est.),$484.888 billion (2019 est.),0.82771 (2020 est.),"7,783,381",72.95% (July 2018 est.),77 (2013),"117,000 km (2018)",2.68% of GDP (2020 est.),GR-flag.jpg,https://www.cia.gov/the-world-factbook/static/fda094a0603933e16fe1478d2725d044/00912/GR-flag.jpg
Gibraltar,Europe,7 sq km,"29,516 (July 2021 est.)","$61,700 (2014 est.)",1% (2016 est.),23.3% (of GDP) (2008 est.),NA,0.885 (2017 est.),"27,823",94.44% (July 2018 est.),1 (2013),29 km (2007),,GI-flag.jpg,https://www.cia.gov/the-world-factbook/static/6960544834c423ea28219f9fd135641b/6927b/GI-flag.jpg
Germany,Europe,"357,022 sq km","79,903,481 (July 2021 est.)","$53,919 (2019 est.)",4.98% (2019 est.),45% (of GDP) (2017 est.),"$5,671,463,000,000 (2019 est.)",0.82771 (2020 est.),"72,202,773",89.74% (July 2018 est.),539 (2013),"625,000 km (2017)",1.56% of GDP (2020 est.),GM-flag.jpg,https://www.cia.gov/the-world-factbook/static/8d077ebb024df7e5bb9abffd4d7e9b2e/29b2b/GM-flag.jpg
France,Europe,"643,801 sq km ; 551,500 sq km (metropolitan France)","68,084,217 (July 2021 est.)","$46,184 (2019 est.)",8.12% (2019 est.),53.8% (of GDP) (2017 est.),"$6,356,459,000,000 (2019 est.)",0.82771 (2020 est.),"55,265,718",82.04% (July 2018 est.),464 (2013),"1,053,215 km (2011)",2.04% of GDP (2020 est.),FR-flag.jpg,https://www.cia.gov/the-world-factbook/static/9ba4e26cdddac6f251c88b382230c951/ebd47/FR-flag.jpg
Finland,Europe,"338,145 sq km","5,587,442 (July 2021 est.)","$48,668 (2019 est.)",6.63% (2019 est.),53.1% (of GDP) (2017 est.),$631.549 billion (2019 est.),0.82771 (2020 est.),"4,922,163",88.89% (July 2018 est.),148 (2013),"454,000 km (2012)",2.2% of GDP (2021 est.),FI-flag.jpg,https://www.cia.gov/the-world-factbook/static/fbda235c74f64157a07433d9f999f46b/bd0f3/FI-flag.jpg
Faroe Islands,Europe,"1,393 sq km","51,943 (July 2021 est.)","$40,000 (2014 est.)",2.2% (2017 est.),30.2% (of GDP) (2014 est.),$387.6 million (2012),6.586 (2017 est.),"49,783",97.58% (July 2018 est.),1 (2020),960 km (2017),,FO-flag.jpg,https://www.cia.gov/the-world-factbook/static/22f20af6490d94748533f6c679f1a3b2/9cf87/FO-flag.jpg
European Union,Europe,"4,236,351 sq km"," 450,131,902 (July 2021 est.)","$44,436 (2019 est.)",8.6% (2016 est.),45.2% (of GDP) (2014),$29.27 trillion (31 December 2016 est.),0.885 (2017 est.),398.1 million (2018 est.),85%,,"10,582,653 km (2013)",1.4% of GDP (2019),EE-flag.jpg,https://www.cia.gov/the-world-factbook/static/15c2ae464519ce7d43ad99cc8f504c04/bd0f3/EE-flag.jpg
Estonia,Europe,"45,228 sq km","1,220,042 (July 2021 est.)","$36,927 (2019 est.)",4.94% (2019 est.),39.9% (of GDP) (2017 est.),$23.944 billion (2019 est.),0.82771 (2020 est.),"1,111,896",89.36% (July 2018 est.),18 (2013),"58,412 km (includes urban roads) (2011)",2.3% of GDP (2021 est.),EN-flag.jpg,https://www.cia.gov/the-world-factbook/static/1928d48f521bbf3e09a0b62ee3f85d9f/478ba/EN-flag.jpg
Dhekelia,Europe,131 sq km,"approximately 15,500 on the Sovereign Base Areas of Akrotiri and Dhekelia including 9,700 Cypriots and 5,800 Service and UK-based contract personnel and dependents",,,,,,,,,,,DX-flag.jpg,https://www.cia.gov/the-world-factbook/static/6911b4e83f2bee370f61354430dd7ac4/48d1c/DX-flag.jpg
Denmark,Europe,"43,094 sq km","5,894,687 (July 2021 est.)","$57,804 (2019 est.)",3.05% (2019 est.),53% (of GDP) (2017 est.),$504.808 billion (2019 est.),6.16045 (2020 est.),"5,672,398",97.64% (July 2018 est.),80 (2013),"74,558 km (2017)",1.43% of GDP (2020 est.),DA-flag.jpg,https://www.cia.gov/the-world-factbook/static/041c62d3d4b748f4550d576057b0f611/bd0f3/DA-flag.jpg
Czechia,Europe,"78,867 sq km","10,702,596 (July 2021 est.)","$40,862 (2019 est.)",2.8% (2019 est.),40.5% (of GDP) (2017 est.),$191.871 billion (2019 est.),21.76636 (2020 est.),"8,622,750",80.69% (July 2018 est.),128 (2013),"55,744 km (includes urban and category I, II, III roads) (2019)",1.34% of GDP (2020 est.),EZ-flag.jpg,https://www.cia.gov/the-world-factbook/static/fb895cb6bc31a81d7a13dde5b11c8bf2/ebd47/EZ-flag.jpg
Cyprus,Europe,"9,251 sq km (of which 3,355 sq km are in north Cyprus)","1,281,506 (July 2021 est.)","$39,545 (2019 est.)",7.07% (2019 est.),39.9% (of GDP) (2017 est.),$213.19 billion (2019 est.),0.82771 (2020 est.),"1,044,473",84.43% (July 2018 est.),15 (2013),"19,901 km (2016)",1.6% of GDP (2019),CY-flag.jpg,https://www.cia.gov/the-world-factbook/static/93d228279337d07ca122a0bd61b11016/bd0f3/CY-flag.jpg
Croatia,Europe,"56,594 sq km","4,208,973 (July 2021 est.)","$28,602 (2019 est.)",8.07% (2019 est.),46.1% (of GDP) (2017 est.),$48.263 billion (2019 est.),6.2474 (2020 est.),"3,104,212",72.69% (July 2018 est.),69 (2013),"26,958 km (includes 1,416 km of expressways) (2015)",1.83% of GDP (2020 est.),HR-flag.jpg,https://www.cia.gov/the-world-factbook/static/73ba27cd0ddd40165aac433837725cfe/beba3/HR-flag.jpg
Bulgaria,Europe,"110,879 sq km","6,919,180 (July 2021 est.)","$23,174 (2019 est.)",5.66% (2019 est.),35.7% (of GDP) (2017 est.),$39.059 billion (2019 est.),1.61885 (2020 est.),"4,571,851",64.78% (July 2018 est.),68 (2013),"19,512 km (2011)",1.6% of GDP (2020 est.),BU-flag.jpg,https://www.cia.gov/the-world-factbook/static/119c972342201d92880810c63128dd9f/ad4e0/BU-flag.jpg
Bosnia and Herzegovina,Europe,"51,197 sq km","3,824,782 (July 2021 est.)","$14,912 (2019 est.)",33.28% (2019 est.),44% (of GDP) (2017 est.),$10.87 billion (31 December 2017 est.),1.729 (2017 est.),"2,699,544",70.12% (July 2018 est.),24 (2013),"22,926 km (2010)",0.9% of GDP (2019),BK-flag.jpg,https://www.cia.gov/the-world-factbook/static/c053f22709fa106d615cef0d0cf7e202/6927b/BK-flag.jpg
Belgium,Europe,"30,528 sq km","11,778,842 (July 2021 est.)","$51,934 (2019 est.)",5.36% (2019 est.),51.3% (of GDP) (2017 est.),"$1,317,513,000,000 (2019 est.)",0.82771 (2020 est.),"10,258,638",88.66% (July 2018 est.),41 (2013),"118,414 km (2015)",1.07% of GDP (2020 est.),BE-flag.jpg,https://www.cia.gov/the-world-factbook/static/bdb936ec81c2b3a5c1c888dc50042978/ba632/BE-flag.jpg
Belarus,Europe,"207,600 sq km","9,441,842 (July 2021 est.)","$19,150 (2019 est.)",0.8% (2017 est.),40.7% (of GDP) (2017 est.),$39.847 billion (2019 est.),1.9 (2017 est.),"7,539,145",79.13% (July 2018 est.),65 (2013),"86,600 km (2017)",1.2% of GDP (2019),BO-flag.jpg,https://www.cia.gov/the-world-factbook/static/e448dc6842b4f256ec43535970f23e7f/bd861/BO-flag.jpg
Austria,Europe,"83,871 sq km","8,884,864 (July 2021 est.)","$56,188 (2019 est.)",7.35% (2019 est.),48.3% (of GDP) (2017 est.),$688.434 billion (2019 est.),0.82771 (2020 est.),"7,712,665",87.71% (July 2018 est.),50 (2020),"137,039 km (2018)",0.7% of GDP (2020 est.),AU-flag.jpg,https://www.cia.gov/the-world-factbook/static/aeb6e44fe03c59364b760652f78d046b/29f30/AU-flag.jpg
Andorra,Europe,468 sq km,"85,645 (July 2021 est.)","$49,900 (2015 est.)",3.7% (2016 est.),69% (of GDP) (2016),$0 (2016),0.885 (2017 est.),"78,483",91.57% (July 2018 est.),,320 km (2019),,AN-flag.jpg,https://www.cia.gov/the-world-factbook/static/5a3b39e923ca494d3bd4923cb8bb0c2d/bd0f3/AN-flag.jpg
Albania,Europe,"28,748 sq km","3,088,385 (July 2021 est.)","$13,965 (2019 est.)",5.83% (2019 est.),27.6% (of GDP) (2017 est.),$9.311 billion (2019 est.),102.43 (2020 est.),"2,196,613",71.85% (July 2018 est.),3 (2020),"3,945 km (2018)",1.3% of GDP (2020 est.),AL-flag.jpg,https://www.cia.gov/the-world-factbook/static/fed891deebb3236abec616fd774c7a6c/c858b/AL-flag.jpg
American Samoa,Australia - Oceania,224 sq km,"46,366 (July 2021 est.)","$11,200 (2016 est.)",29.8% (2005),37.8% (of GDP) (2016 est.),NA,1,"17,000",31.3% (July 2016 est.),3 (2020),241 km (2016),,AQ-flag.jpg,https://www.cia.gov/the-world-factbook/static/c153dcd38ea6443ce4e425383b0cee11/d4935/AQ-flag.jpg
West Bank,Middle East,"5,860 sq km","2,949,246 (July 2021 est.)","$6,220 (2019 est.)",27.9% (2017 est.),13.4% (of GDP) (2017 est.),$1.662 billion (31 March 2016 est.),3.606 (2017 est.),2.673 million (includes Gaza Strip),57.4% (July 2016 est.),2 (2013),"4,686 km (2010)",,west-bank,https://www.cia.gov/the-world-factbook/countries/west-bank
United Arab Emirates,Middle East,"83,600 sq km","9,856,612 (July 2021 est.)","$67,119 (2019 est.)",1.6% (2016 est.),28.8% (of GDP) (2017 est.),$237.6 billion (31 December 2017 est.),3.67315 (2020 est.),"9,550,945",98.45% (July 2018 est.),43 (2013),"4,080 km (2008)",5.2% of GDP (2017),AE-flag.jpg,https://www.cia.gov/the-world-factbook/static/e6bc226d73f9c64b2bff9fa377a60f6e/aab14/AE-flag.jpg
Turkey,Middle East,"783,562 sq km","82,482,383 (July 2021 est.)","$28,424 (2019 est.)",13.68% (2019 est.),20.3% (of GDP) (2017 est.),$438.677 billion (2019 est.),7.81925 (2020 est.),"57,725,143",71.04% (July 2018 est.),98 (2013),"67,333 km (2018)",1.86% of GDP (2020 est.),TU-flag.jpg,https://www.cia.gov/the-world-factbook/static/d2202188219748997b1d736da86bf115/ebd47/TU-flag.jpg
Syria,Middle East,"187,437 sq km","20,384,316 (July 2021 est.)","$2,900 (2015 est.)",50% (2017 est.),4.2% (of GDP) (2017 est.),$4.989 billion (31 December 2017 est.),514.6 (2017 est.),"6,077,510",34.25% (July 2018 est.),90 (2013),"69,873 km (2010)",,SY-flag.jpg,https://www.cia.gov/the-world-factbook/static/14323b28671effa52b53374bd44e0a4f/00912/SY-flag.jpg
Saudi Arabia,Middle East,"2,149,690 sq km","34,783,757 (July 2021 est.)","$46,962 (2019 est.)",6% (2017 est.),26.4% (of GDP) (2017 est.),$205.1 billion (31 December 2017 est.),3.7514 (2020 est.),"30,877,318",93.31% (July 2018 est.),214 (2013),"221,372 km (2006)",7% of GDP (2020 est.),SA-flag.jpg,https://www.cia.gov/the-world-factbook/static/1ff930d4a62dacfeb4bc3bd5c262549a/29f30/SA-flag.jpg
Qatar,Middle East,"11,586 sq km","2,479,995 (July 2021 est.)","$90,044 (2019 est.)",8.9% (2017 est.),26.4% (of GDP) (2017 est.),$167.8 billion (31 December 2017 est.),3.641 (2020 est.),"2,355,297",99.65% (July 2018 est.),6 (2013),"7,039 km (2016)",2.5% of GDP (2017),QA-flag.jpg,https://www.cia.gov/the-world-factbook/static/4b0a28f75b5b75fa195b81a9bec29ecd/6927b/QA-flag.jpg
Oman,Middle East,"309,500 sq km","3,694,755 (July 2021 est.)","$27,299 (2019 est.)",NA,31.3% (of GDP) (2017 est.),$46.27 billion (31 December 2017 est.),0.38505 (2020 est.),"2,801,932",80.19% (July 2018 est.),132 (2013),"60,230 km (2012)",10.5% of GDP (2020 est.),MU-flag.jpg,https://www.cia.gov/the-world-factbook/static/bc66f2c83d46b4c32c2478d43549bd41/aab14/MU-flag.jpg
Lebanon,Middle East,"10,400 sq km","5,261,372 (July 2021 est.)","$14,552 (2019 est.)",9.7% (2007),21.5% (of GDP) (2017 est.),$33.077 billion (2019 est.),"1,517.5 (2020 est.)","4,769,039",78.18% (July 2018 est.),8 (2013),"21,705 km (2017)",3% of GDP (2020 est.),LE-flag.jpg,https://www.cia.gov/the-world-factbook/static/e7522d7753cda4c412dcfa75b247d7a4/d94fe/LE-flag.jpg
Kuwait,Middle East,"17,818 sq km","3,032,065 (July 2021 est.)","$49,854 (2019 est.)",1.1% (2017 est.),41.8% (of GDP) (2017 est.),$47.24 billion (31 December 2017 est.),0.3049 (2020 est.),"2,904,801",99.6% (July 2018 est.),7 (2013),"5,749 km (2018)",5% of GDP (2020 est.),KU-flag.jpg,https://www.cia.gov/the-world-factbook/static/23c87358d7ba9b6f1e4665d526e5d2dc/aab14/KU-flag.jpg
Jordan,Middle East,"89,342 sq km","10,909,567 (July 2021 est.)","$10,071 (2019 est.)",19.1% (2019 est.),23.6% (of GDP) (2017 est.),$32.088 billion (2019 est.),0.709 (2020 est.),"6,985,174",66.79% (July 2018 est.),18 (2013),"7,203 km (2011)",5% of GDP (2020 est.),JO-flag.jpg,https://www.cia.gov/the-world-factbook/static/49d79f219f064dca25c3c2fcee71435d/bd861/JO-flag.jpg
Israel,Middle East,"21,937 sq km","8,787,045 (includes populations of the Golan Heights or Golan Sub-District and also East Jerusalem, which was annexed by Israel after 1967) (July 2021 est.)","$41,953 (2020 est.)",4.4% (2020 est.),26.5% (of GDP) (2017 est.),$132.5 billion (31 December 2020 est.),3.44 (2020 est.),"6,873,037",81.58% (July 2018 est.),42 (2020),"19,555 km (2017)",5% of GDP (2019),IS-flag.jpg,https://www.cia.gov/the-world-factbook/static/b2351346b4eb8579d34adfa5463f7685/1e77e/IS-flag.jpg
Iraq,Middle East,"438,317 sq km","39,650,145 (July 2021 est.)","$10,881 (2019 est.)",16% (2012 est.),35.7% (of GDP) (2017 est.),$73.02 billion (31 December 2017 est.),"1,184 (2017 est.)","18,364,390",49.36% (July 2018 est.),102 (2013),"59,623 km (2012)",4% of GDP (2020 est.),IZ-flag.jpg,https://www.cia.gov/the-world-factbook/static/d36ed53850af233282da1905a6cd0415/d94fe/IZ-flag.jpg
Iran,Middle East,"1,648,195 sq km","85,888,910 (July 2021 est.)","$12,389 (2019 est.)",11.8% (2017 est.),17.3% (of GDP) (2017 est.),$7.995 billion (31 December 2017 est.),"32,769.7 (2017 est.)","58,117,322",70% (July 2018 est.),319 (2013),"223,485 km (2018)",3.8% of GDP (2019 est.),IR-flag.jpg,https://www.cia.gov/the-world-factbook/static/834c38a8db9b10222dc62a847b051463/183da/IR-flag.jpg
Georgia,Middle East,"69,700 sq km","4,933,674 (July 2021 est.)","$14,992 (2019 est.)",11.8% (2016 est.),28.7% (of GDP) (2017 est.),$18.149 billion (2019 est.),2.535 (2017 est.),"3,151,218",63.97% (July 2018 est.),22 (2013),"20,295 km (2018)",2.3% of GDP (2019),GG-flag.jpg,https://www.cia.gov/the-world-factbook/static/811c8e2bcdf7de20a0a7116b7233f346/d94fe/GG-flag.jpg
Gaza Strip,Middle East,360 sq km,"1,957,062 (July 2021 est.)","$6,220 (2019 est.)",27.9% (2017 est.),,see entry for the West Bank,,2.673 million (includes the West Bank),57.4% (July 2016 est.),1 (2013), see entry for the West Bank,,gaza-strip,https://www.cia.gov/the-world-factbook/countries/gaza-strip
Bahrain,Middle East,760 sq km,"1,526,929 (July 2021 est.)","$45,011 (2019 est.)",3.6% (2017 est.),16.6% (of GDP) (2017 est.),$52.15 billion (31 December 2017 est.),0.37705 (2020 est.),"1,423,039",98.64% (July 2018 est.),4 (2013),"4,122 km (2010)",4% of GDP (2020 est.),BA-flag.jpg,https://www.cia.gov/the-world-factbook/static/22cad7eccb01bd46b353c1b39ccdfeea/ad4e0/BA-flag.jpg
Azerbaijan,Middle East,"86,600 sq km","10,282,283 (July 2021 est.)","$14,404 (2019 est.)",5% (2017 est.),23.5% (of GDP) (2017 est.),$17.41 billion (31 December 2017 est.),1.723 (2017 est.),"8,017,120",79.8% (July 2018 est.),23 (2020),"24,981 km (2013)",4% of GDP (2019),AJ-flag.jpg,https://www.cia.gov/the-world-factbook/static/6169bbf4522db3db5bb8526974a25ff5/bd861/AJ-flag.jpg
United States,North America,"9,833,517 sq km","334,998,398 (July 2021 est.)","$62,530 (2019 est.)",3.89% (2018 est.),17% (of GDP) (2017 est.),"$20,275,951,000,000 (2019 est.)","1, 1.308 (2017 est.), 1.3256 (2016 est.), 1.3256 (2015 est.), 1.2788 (2014 est.), 1.0298 (2013 est.)","285,519,020",87.27% (July 2018 est.),"13,513 (2013)","6,586,610 km (2012)",3.73% of GDP (2020 est.),US-flag.jpg,https://www.cia.gov/the-world-factbook/static/f96df137308fd8684c546bc3d6e8923b/62cd1/US-flag.jpg
Saint Pierre and Miquelon,North America,242 sq km,"5,321 (July 2021 est.)","$46,200 (2006 est.)",8.7% (2015 est.),26.8% (of GDP) (1996 est.),NA,0.885 (2017 est.),"4,500",79.5% (July 2016 est.),2 (2013),117 km (2009),,SB-flag.jpg,https://www.cia.gov/the-world-factbook/static/ed0a2aa5f0c7d3d7fafeedf0b0e5d706/ad4e0/SB-flag.jpg
Mexico,North America,"1,964,375 sq km","130,207,371 (July 2021 est.)","$19,796 (2019 est.)",3.49% (2019 est.),22.7% (of GDP) (2017 est.),$456.713 billion (2019 est.),19.8 (2020 est.),"82,843,369",65.77% (July 2018 est.),"1,714 (2013)","398,148 km (2017)",0.5% of GDP (2019),MX-flag.jpg,https://www.cia.gov/the-world-factbook/static/2e110acbc6423b09bdd550c61d4f0335/f88d1/MX-flag.jpg
Greenland,North America,"2,166,086 sq km","57,799 (July 2021 est.)","$41,800 (2015 est.)",9.1% (2015 est.),77.4% (of GDP) (2016 est.),$36.4 million (2010),6.586 (2017 est.),"40,084",69.48% (July 2018 est.),15 (2013)," although there are short roads in towns, there are no roads between towns; inter-urban transport is either by sea or by air",,GL-flag.jpg,https://www.cia.gov/the-world-factbook/static/d902494558f52873836ad15301dfea04/d94fe/GL-flag.jpg
Clipperton Island,North America,6 sq km,uninhabited,,,,,,,,,,,IP-flag.jpg,https://www.cia.gov/the-world-factbook/static/9ba4e26cdddac6f251c88b382230c951/ebd47/IP-flag.jpg
Canada,North America,"9,984,670 sq km","37,943,231 (July 2021 est.)","$49,031 (2019 est.)",5.67% (2019 est.),39.3% (of GDP) (2017 est.),"$2,124,887,000,000 (2019 est.)",1.28035 (2020 est.),"33,743,954",91% (July 2018 est.),"1,467 (2013)","1,042,300 km (2011)",1.42% of GDP (2020 est.),CA-flag.jpg,https://www.cia.gov/the-world-factbook/static/166f67b383bf713162ff75de959d957f/6927b/CA-flag.jpg
Anguilla,Central America,91 sq km,"18,403 (July 2021 est.)","$12,200 (2008 est.)",8% (2002),46.7% (of GDP) (2017 est.),$41.04 million (31 December 2013),2.7 (2017 est.),"14,211",81.57% (July 2018 est.),1 (2020),175 km (2004),,AV-flag.jpg,https://www.cia.gov/the-world-factbook/static/bb31b658fa6cff60f645b20c15996f9c/57897/AV-flag.jpg
Kazakhstan,Central Asia,"2,724,900 sq km","19,245,793 (July 2021 est.)","$26,351 (2019 est.)",4.8% (2019 est.),22.3% (of GDP) (2017 est.),$159.351 billion (2019 est.),420.0049 (2020 est.),"14,789,448",78.9% (July 2018 est.),96 (2013),"95,409 km (2017)",1.1% of GDP (2019),KZ-flag.jpg,https://www.cia.gov/the-world-factbook/static/c4532ffe3da5a575e2c86326fd181dc6/71018/KZ-flag.jpg
Venezuela,South America,"912,050 sq km","29,069,153 (July 2021 est.)","$7,704 (2018 est.)",6.9% (2018 est.),44.2% (of GDP) (2017 est.),$100.3 billion (31 December 2017 est.),"3,345 (2017 est.)","21,354,499",72% (July 2018 est.),444 (2013),"96,189 km (2014)",0.4% of GDP (2017),VE-flag.jpg,https://www.cia.gov/the-world-factbook/static/09604e4f3c5b8f19f60f1b7d4fc371e2/0e166/VE-flag.jpg
Uruguay,South America,"176,215 sq km","3,398,239 (July 2021 est.)","$21,561 (2019 est.)",7.6% (2017 est.),29.8% (of GDP) (2017 est.),$43.705 billion (2019 est.),42.645 (2020 est.),"2,300,557",68.28% (July 2018 est.),133 (2013),"77,732 km (2010)",2% of GDP (2019),UY-flag.jpg,https://www.cia.gov/the-world-factbook/static/01db03859b211f2717de79058894400d/0b967/UY-flag.jpg
Suriname,South America,"163,820 sq km","614,749 (July 2021 est.)","$16,525 (2019 est.)",8.9% (2017 est.),16.4% (of GDP) (2017 est.),$1.7 billion (31 December 2017 est.),7.53 (2017 est.),"292,685",48.95% (July 2018 est.),55 (2013),"4,304 km (2003)",1.1% of GDP (2017 est.),NS-flag.jpg,https://www.cia.gov/the-world-factbook/static/bc5670482c2975b31736f22d1ec958a2/d94fe/NS-flag.jpg
South Georgia and South Sandwich Islands,South America,"3,903 sq km",no indigenous inhabitants (July 2021 est.),,,,,,,,,,,SX-flag.jpg,https://www.cia.gov/the-world-factbook/static/ba72b07ac383536464b7813f8e25d8f5/57897/SX-flag.jpg
Peru,South America,"1,285,216 sq km","32,201,224 (July 2021 est.)","$12,848 (2019 est.)",6.58% (2019 est.),27.1% (of GDP) (2017 est.),$81.333 billion (2019 est.),3.599 (2020 est.),"16,461,427",52.54% (July 2018 est.),191 (2013),"140,672 km (18,699 km paved) (2012)",1.2% of GDP (2019),PE-flag.jpg,https://www.cia.gov/the-world-factbook/static/06be4ed8197216727679629e663da44f/ebd47/PE-flag.jpg
Paraguay,South America,"406,752 sq km","7,272,639 (July 2021 est.)","$12,685 (2019 est.)",5.7% (2017 est.),14.2% (of GDP) (2017 est.),$16.622 billion (2019 est.),"7,045 (2020 est.)","4,566,043",64.99% (July 2018 est.),799 (2013),"74,676 km (2017)",1% of GDP (2019),PA-flag.jpg,https://www.cia.gov/the-world-factbook/static/ce65f429ba467a381a41cb1708293847/6a8ab/PA-flag.jpg
Guyana,South America,"214,969 sq km","787,971 (July 2021 est.)","$13,082 (2019 est.)",11.1% (2013),28.1% (of GDP) (2017 est.),$1.69 billion (31 December 2017 est.),207 (2017 est.),"276,498",37.33% (July 2018 est.),117 (2013),"3,995 km (2019)",1.7% of GDP (2019),GY-flag.jpg,https://www.cia.gov/the-world-factbook/static/7f8c6567808575299b513621af7bc3a3/ebd47/GY-flag.jpg
Falkland Islands (Islas Malvinas),South America,"12,173 sq km","3,198 (2016 est.)","$70,800 (2015 est.)",1% (2016 est.),32.5% (of GDP) (FY09/10),$0 (2017 est.),0.7836 (2017 est.),"3,000",98.3% (July 2016 est.),7 (2020),440 km (2008),,FK-flag.jpg,https://www.cia.gov/the-world-factbook/static/369cc988478defd65fd8ece038c7947f/bd861/FK-flag.jpg
Ecuador,South America,"283,561 sq km","17,093,159 (July 2021 est.)","$11,375 (2019 est.)",5.71% (2019 est.),32% (of GDP) (2017 est.),$50.667 billion (2019 est.),"25,000 (2019 est.)","9,448,692",57.27% (July 2018 est.),432 (2013),"43,216 km (2015)",2.3% of GDP (2019),EC-flag.jpg,https://www.cia.gov/the-world-factbook/static/0c8b9a22ba84ea38cf839c33f727042f/7f9da/EC-flag.jpg
Colombia,South America,"1,138,910 sq km","50,355,650 (July 2021 est.)","$14,722 (2019 est.)",10.5% (2019 est.),26.5% (of GDP) (2017 est.),$135.644 billion (2019 est.),"3,457.93 (2020 est.)","29,990,017",62.26% (July 2018 est.),836 (2013),"206,500 km (2016)",3.4% of GDP (2020 est.),CO-flag.jpg,https://www.cia.gov/the-world-factbook/static/bc9e48880a8d14ccb99e8d800d872722/ebd47/CO-flag.jpg
Chile,South America,"756,102 sq km","18,307,925 (July 2021 est.)","$24,226 (2019 est.)",7.22% (2019 est.),20.8% (of GDP) (2017 est.),$193.298 billion (2019 est.),738.81 (2020 est.),"14,757,868",82.33% (July 2018 est.),481 (2013),"77,801 km (2016)",1.8% of GDP (2019),CI-flag.jpg,https://www.cia.gov/the-world-factbook/static/ea5fede19d4acf99e6da186e63431093/d94fe/CI-flag.jpg
Brazil,South America,"8,515,770 sq km","213,445,417 (July 2021 est.)","$14,652 (2019 est.)",11.93% (2019 est.),35.7% (of GDP) (2017 est.),$681.336 billion (2019 est.),5.12745 (2020 est.),"140,908,998",67.47% (July 2018 est.),"4,093 (2013)",2 million km (2018),1.5% of GDP (2019),BR-flag.jpg,https://www.cia.gov/the-world-factbook/static/3df8e40fa28f17e82d9fb96d8d2394be/aab14/BR-flag.jpg
Bolivia,South America,"1,098,581 sq km","11,758,869 (July 2021 est.)","$8,724 (2019 est.)",4% (2017 est.),39.9% (of GDP) (2017 est.),$12.81 billion (31 December 2017 est.),6.91 (2020 est.),"4,955,569",43.83% (July 2018 est.),855 (2013),"90,568 km (2017)",1.4% of GDP (2019),BL-flag.jpg,https://www.cia.gov/the-world-factbook/static/6d88a206db32928921c65765fb815df4/ebd47/BL-flag.jpg
Brunei,East Asia/Southeast Asia,"5,765 sq km","471,103 (July 2021 est.)","$62,100 (2019 est.)",6.9% (2017 est.),18.5% (of GDP) (2017 est.),$0 (2014),1.33685 (2020 est.),"426,234",94.6% (July 2018 est.),1 (2020),"2,976 km (2014)",3.3% of GDP (2019),BX-flag.jpg,https://www.cia.gov/the-world-factbook/static/f749d202f8a6d50046640276662f0c6f/bd861/BX-flag.jpg
Armenia,Middle East,"29,743 sq km","3,011,609 (July 2021 est.)","$13,654 (2019 est.)",18.9% (2017 est.),22.9% (of GDP) (2017 est.),$11.637 billion (2019 est.),487.9 (2017 est.),"1,966,942",64.74% (July 2018 est.),7 (2020),"7,700 km (2019)",4.3% of GDP (2019),AM-flag.jpg,https://www.cia.gov/the-world-factbook/static/4c04e11d92945e0716d17d28e80644e2/aab14/AM-flag.jpg
Bermuda,North America,54 sq km,"72,084 (July 2021 est.)","$81,798 (2019 est.)",7% (2017 est.),16.3% (of GDP) (2017 est.),$2.515 billion (2017 est.),1 (2020 est.),"70,016",98.37% (July 2018 est.),1 (2020),447 km (2010),,BD-flag.jpg,https://www.cia.gov/the-world-factbook/static/e25c83b8f0f3a18af6115ef48b9833f3/58d26/BD-flag.jpg
Sri Lanka,South Asia,"65,610 sq km","23,044,123 (July 2021 est.)","$13,078 (2019 est.)",4.83% (2019 est.),13.8% (of GDP) (2017 est.),$55.332 billion (2019 est.),185.8 (2020 est.),"7,700,876",34.11% (July 2018 est.),18 (2020),"114,093 km (2010)",1.9% of GDP (2019),CE-flag.jpg,https://www.cia.gov/the-world-factbook/static/9ef112d821395ba3b3d343f12c14fcc7/e083b/CE-flag.jpg
Pakistan,South Asia,"796,095 sq km","238,181,034 (July 2021 est.)","$4,690 (2019 est.)",6% (2017 est.),15.4% (of GDP) (2017 est.),$107.527 billion (2019 est.),160.425 (2020 est.),"34,734,689",15.51% (July 2018 est.),151 (2013),"263,775 km (2019)",4% of GDP (2019),PK-flag.jpg,https://www.cia.gov/the-world-factbook/static/3116d0901edf894fd7506a8959bbcb42/6a8ab/PK-flag.jpg
Nepal,South Asia,"147,181 sq km","30,424,878 (July 2021 est.)","$3,417 (2019 est.)",3% (2017 est.),23.8% (of GDP) (2017 est.),$5.849 billion (31 December 2017 est.),104 (2017 est.),"10,103,980",34% (July 2018 est.),47 (2013),"27,990 km (2016)",1.6% of GDP (2019),NP-flag.jpg,https://www.cia.gov/the-world-factbook/static/b841fe443d07c53e75c71bc4e77944f2/6a8ab/NP-flag.jpg
Maldives,South Asia,298 sq km,"390,669 (July 2021 est.)","$19,531 (2019 est.)",2.9% (2017 est.),26.4% (of GDP) (2016 est.),$848.8 million (31 December 2016 est.),15.42 (2017 est.),"248,004",63.19% (July 2018 est.),9 (2013),93 km (2018),,MV-flag.jpg,https://www.cia.gov/the-world-factbook/static/8f59611e480e43ccfe304f6e6dced39d/d94fe/MV-flag.jpg
India,South Asia,"3,287,263 sq km","1,339,330,514 (July 2021 est.)","$6,700 (2019 est.)",8.5% (2017 est.),9.2% (of GDP) (2017 est.),$555.388 billion (2019 est.),73.565 (2020 est.),"446,759,327",34.45% (July 2018 est.),346 (2013),"4,699,024 km (2015)",2.9% of GDP (2020 est.),IN-flag.jpg,https://www.cia.gov/the-world-factbook/static/4abd686317d1c5b2af07eec1face332d/d94fe/IN-flag.jpg
British Indian Ocean Territory,South Asia,60 sq km,no indigenous inhabitants,,,,,1,,,1 (2020), short section of paved road between port and airfield on Diego Garcia,,IO-flag.jpg,https://www.cia.gov/the-world-factbook/static/6482a939b098f1a178bbed705e0605ae/e083b/IO-flag.jpg
Bhutan,South Asia,"38,394 sq km","857,423 (July 2021 est.)","$11,832 (2019 est.)",3.2% (2017 est.),27.2% (of GDP) (2017 est.),$2.671 billion (31 December 2017 est.),64.97 (2017 est.),"368,714",48.11% (July 2018 est.),2 (2013),"12,205 km (2017)",,BT-flag.jpg,https://www.cia.gov/the-world-factbook/static/f39ead21d3d45d00b1f4f175c881d85b/aab14/BT-flag.jpg
Bangladesh,South Asia,"148,460 sq km","164,098,818 (July 2021 est.)","$4,754 (2019 est.)",4.4% (2017 est.),9.6% (of GDP) (2017 est.),$50.26 billion (31 December 2017 est.),84.75 (2020 est.),"23,917,950",15% (July 2018 est.),18 (2013),"369,105 km (2018)",1.3% of GDP (2019),BG-flag.jpg,https://www.cia.gov/the-world-factbook/static/cacf3c00147c3beff577b9f0b8c73c0c/aab14/BG-flag.jpg
Argentina,South America,"2,780,400 sq km","45,864,941 (July 2021 est.)","$22,064 (2019 est.)",9.84% (2019 est.),18.9% (of GDP) (2017 est.),$278.524 billion (2019 est.),82.034 (2020 est.),"33,203,320",74.29% (July 2018 est.),916 (2020),"281,290 km (2017)",0.7% of GDP (2019),AR-flag.jpg,https://www.cia.gov/the-world-factbook/static/242f28ed72e2462aacb91dc6cc12b850/ad4e0/AR-flag.jpg
Zimbabwe,Africa,"390,757 sq km","14,829,988 (July 2021 est.)","$2,836 (2019 est.)",11.3% (2014 est.),21.5% (of GDP) (2017 est.),$9.357 billion (31 December 2017 est.),82.3138 (2020 est.),"3,796,618",27.06% (July 2018 est.),196 (2013),"97,267 km (2019)",0.7% of GDP (2019),ZI-flag.jpg,https://www.cia.gov/the-world-factbook/static/e13c66cda41e184c1222b22c83e98d66/48d1c/ZI-flag.jpg
Zambia,Africa,"752,618 sq km","19,077,816 (July 2021 est.)","$3,470 (2019 est.)",15% (2008 est.),17.4% (of GDP) (2017 est.),$11.66 billion (31 December 2017 est.),21.065 (2020 est.),"2,351,646",14.3% (July 2018 est.),88 (2013),"67,671 km (2018)",1.2% of GDP (2019),ZA-flag.jpg,https://www.cia.gov/the-world-factbook/static/22265a635536d5a54f69ca096cc1a5c1/fc552/ZA-flag.jpg
Uganda,Africa,"241,038 sq km","44,712,143 (July 2021 est.)","$2,187 (2019 est.)",9.4% (2014 est.),14.5% (of GDP) (2017 est.),$13.85 billion (2019 est.),"3,680 (2020 est.)","9,620,681",23.71% (July 2018 est.),47 (2013),"20,544 km (excludes local roads) (2017)",2.1% of GDP (2019),UG-flag.jpg,https://www.cia.gov/the-world-factbook/static/b8eea5b009db42d21f1c9c468c262d30/aab14/UG-flag.jpg
Tunisia,Africa,"163,610 sq km","11,811,335 (July 2021 est.)","$10,756 (2019 est.)",15.5% (2017 est.),24.7% (of GDP) (2017 est.),$35.911 billion (2019 est.),2.71795 (2020 est.),"7,392,242",64.19% (July 2018 est.),29 (2013),"20,000 km (2015)",2.5% of GDP (2019),TS-flag.jpg,https://www.cia.gov/the-world-factbook/static/40cf28cffd1866bb5dd826a8d74738bd/6a8ab/TS-flag.jpg
Togo,Africa,"56,785 sq km","8,283,189 (July 2021 est.)","$1,597 (2019 est.)",6.9% (2016 est.),21.5% (of GDP) (2017 est.),$1.442 billion (31 December 2017 est.),617.4 (2017 est.),"1,010,609",12.36% (July 2018 est.),8 (2013),"11,734 km (2081)",2% of GDP (2020 est.),TO-flag.jpg,https://www.cia.gov/the-world-factbook/static/fb71a9c378dcc6e2fe34dacfd023801f/d94fe/TO-flag.jpg
Tanzania,Africa,"947,300 sq km","62,092,761 (July 2021 est.)","$2,660 (2019 est.)",10.3% (2014 est.),15.2% (of GDP) (2017 est.),$22.054 billion (2019 est.),"2,319 (2020 est.)","13,862,836",25% (July 2018 est.),166 (2013),"87,581 km (2015)",1.3% of GDP (2019),TZ-flag.jpg,https://www.cia.gov/the-world-factbook/static/40b0298a8c1f28852c66afbcd2ff26f5/d94fe/TZ-flag.jpg
Sudan,Africa,"1,861,484 sq km","46,751,152 (July 2021 est.)","$3,958 (2019 est.)",19.6% (2017 est.),18.5% (of GDP) (2017 est.),$56.05 billion (31 December 2017 est.),6.72 (2017 est.),"13,311,404",30.87% (July 2018 est.),67 (2020),"31,000 km (2019)",1.6% of GDP (2019),SU-flag.jpg,https://www.cia.gov/the-world-factbook/static/975509e5e814a25c6237cc476395e968/aab14/SU-flag.jpg
South Sudan,Africa,"644,329 sq km","10,984,074 (July 2021 est.)","$1,600 (2017 est.)",,8.5% (of GDP) (FY2017/18 est.),,0.885 (2017 est.),"814,326",7.98% (July 2018 est.),89 (2020),"90,200 km (2019)",3.5% of GDP (2019 est.),OD-flag.jpg,https://www.cia.gov/the-world-factbook/static/8174bda0be67b21af4704aebcf9cefcd/bd861/OD-flag.jpg
South Africa,Africa,"1,219,090 sq km","56,978,635 (July 2021 est.)","$12,482 (2019 est.)",28.53% (2019 est.),26.6% (of GDP) (2017 est.),$179.871 billion (2019 est.),14.9575 (2020 est.),"31,107,064",56.17% (July 2018 est.),407 (2020),"750,000 km (2016)",0.9% of GDP (2021 est.),SF-flag.jpg,https://www.cia.gov/the-world-factbook/static/be87b762d6b2f3a1350607390cf4187e/8ce40/SF-flag.jpg
Somalia,Africa,"637,657 sq km","12,094,640 (July 2021 est.)",,NA,2.1% (of GDP) (2014 est.),$5.3 billion (31 December 2014 est.),"23,960 (2016 est.)","225,181",2% (July 2018 est.),52 (2020),"15,000 km (2018)",1.3% of GDP (2017 est.),SO-flag.jpg,https://www.cia.gov/the-world-factbook/static/87dd24dab550d728e620cc9de48788a3/fc552/SO-flag.jpg
Sierra Leone,Africa,"71,740 sq km","6,807,277 (July 2021 est.)","$1,718 (2019 est.)",15% (2017 est.),15.6% (of GDP) (2017 est.),$1.615 billion (31 December 2017 est.),"7,396.3 (2017 est.)","568,099",9% (July 2018 est.),8 (2013),"11,700 km (2015)",0.7% of GDP (2019),SL-flag.jpg,https://www.cia.gov/the-world-factbook/static/afa8720da2b2832b59abfb0517dd9591/d94fe/SL-flag.jpg
Seychelles,Africa,455 sq km,"96,387 (July 2021 est.)","$29,223 (2019 est.)",3% (2017 est.),39.6% (of GDP) (2017 est.),$4.802 billion (2019 est.),13.64 (2017 est.),"55,616",58.77% (July 2018 est.),14 (2013),526 km (2015),1.3% of GDP (2019),SE-flag.jpg,https://www.cia.gov/the-world-factbook/static/58d8944095c6cc912107f37ebeb56df7/b6f7e/SE-flag.jpg
Senegal,Africa,"196,722 sq km","16,082,442 (July 2021 est.)","$3,395 (2019 est.)",48% (2007 est.),19.6% (of GDP) (2017 est.),$8.571 billion (31 December 2017 est.),617.4 (2017 est.),"6,909,635",46% (July 2018 est.),20 (2013),"16,665 km (2017)",1.5% of GDP (2019 est.),SG-flag.jpg,https://www.cia.gov/the-world-factbook/static/03a9521ca1f35e53c6f56cbc7f30e1fd/d94fe/SG-flag.jpg
Sao Tome and Principe,Africa,964 sq km,"213,948 (July 2021 est.)","$3,970 (2019 est.)",12.2% (2017 est.),26.2% (of GDP) (2017 est.),$292.9 million (31 December 2017 est.),"22,689 (2017 est.)","61,193",29.93% (July 2018 est.),2 (2013),"1,300 km (2018)",,TP-flag.jpg,https://www.cia.gov/the-world-factbook/static/49eb825c93d1dd0b8dbfb58bba96b917/bd861/TP-flag.jpg
"Saint Helena, Ascension, and Tristan da Cunha",Africa,394 sq km,"7,915 (July 2021 est.)","$7,800 (FY09/10 est.)",14% (1998 est.),,NA,0.7836 (2017 est.),"1,800",23.1% (July 2016 est.),2 (2015),"198 km (Saint Helena 138 km, Ascension 40 km, Tristan da Cunha 20 km) (2002)",,SH-flag.jpg,https://www.cia.gov/the-world-factbook/static/cf3ecce2a5fd63e7893ba9fe7d729d6a/0e166/SH-flag.jpg
Rwanda,Africa,"26,338 sq km","12,943,132 (July 2021 est.)","$2,227 (2019 est.)",2.7% (2014 est.),21.3% (of GDP) (2017 est.),$3.258 billion (31 December 2017 est.),839.1 (2017 est.),"2,653,197",21.77% (July 2018 est.),7 (2013),"4,700 km (2012)",1.2% of GDP (2019),RW-flag.jpg,https://www.cia.gov/the-world-factbook/static/e581e878182e619da50e9b93d263bcad/d6b37/RW-flag.jpg
Nigeria,Africa,"923,768 sq km","219,463,862 (July 2021 est.)","$5,136 (2019 est.)",16.5% (2017 est.),3.4% (of GDP) (2017 est.),$26.847 billion (2019 est.),383.5 (2020 est.),"85,450,052",42% (July 2018 est.),54 (2013),"195,000 km (2017)",0.5% of GDP (2019),NI-flag.jpg,https://www.cia.gov/the-world-factbook/static/28e23627b09c310dd199c697bc4d3d18/bd861/NI-flag.jpg
Niger,Africa,1.267 million sq km,"23,605,767 (July 2021 est.)","$1,225 (2019 est.)",0.3% (2017 est.),21.4% (of GDP) (2017 est.),$3.728 billion (31 December 2017 est.),605.3 (2017 est.),"1,110,778",5.25% (July 2018 est.),30 (2013),"18,949 km (2010)",1.8% of GDP (2019),NG-flag.jpg,https://www.cia.gov/the-world-factbook/static/abacdc943274f26ca57154e10302d408/d94fe/NG-flag.jpg
Namibia,Africa,"824,292 sq km","2,678,191 (July 2021 est.)","$9,637 (2019 est.)",34% (2016 est.),32.2% (of GDP) (2017 est.),$7.969 billion (31 December 2017 est.),13.67 (2017 est.),"1,291,944",51% (July 2018 est.),112 (2013),"48,875 km (2018)",3% of GDP (2019),WA-flag.jpg,https://www.cia.gov/the-world-factbook/static/35815fe5e1857172b611959abdd682f6/ebd47/WA-flag.jpg
Mozambique,Africa,"799,380 sq km","30,888,034 (July 2021 est.)","$1,281 (2019 est.)",24.5% (2017 est.),26.7% (of GDP) (2017 est.),$10.91 billion (31 December 2017 est.),74.12 (2020 est.),"2,855,670",10% (July 2018 est.),98 (2013),"31,083 km (2015)",0.9% of GDP (2019),MZ-flag.jpg,https://www.cia.gov/the-world-factbook/static/e9b58bad631a0149abf41c6af5ba6a89/ebd47/MZ-flag.jpg
Morocco,Africa,"716,550 sq km","36,561,813 (July 2021 est.)","$7,515 (2019 est.)",9.23% (2019 est.),20.9% (of GDP) (2017 est.),$52.957 billion (2019 est.),9.0065 (2020 est.),"22,596,729",64.8% (July 2018 est.),62 (2020),"57,300 km (2018)",3.8% of GDP (2020 est.),MO-flag.jpg,https://www.cia.gov/the-world-factbook/static/50a136b9fc4269e69638bd3916fdd677/ebd47/MO-flag.jpg
Mauritius,Africa,"2,040 sq km","1,386,129 (July 2021 est.)","$22,870 (2019 est.)",6.65% (2019 est.),22.5% (of GDP) (2017 est.),$226.799 billion (2019 est.),39.65 (2020 est.),"799,470",58.6% (July 2018 est.),5 (2013),"2,428 km (2015)",0.2% of GDP (2019),MP-flag.jpg,https://www.cia.gov/the-world-factbook/static/4ec656c3db88be4fa8284f71e30bae99/d94fe/MP-flag.jpg
Mauritania,Africa,"1,030,700 sq km","4,079,284 (July 2021 est.)","$5,197 (2019 est.)",10.2% (2017 est.),27.4% (of GDP) (2017 est.),$4.15 billion (31 December 2017 est.),363.6 (2017 est.),"798,809",20.8% (July 2018 est.),30 (2013),"12,253 km (2018)",2.8% of GDP (2019 est.),MR-flag.jpg,https://www.cia.gov/the-world-factbook/static/927d798429517834018b57c275962c09/6a8ab/MR-flag.jpg
Kenya,Africa,"580,367 sq km","54,685,051 (July 2021 est.)","$4,330 (2019 est.)",40% (2013 est.),17.6% (of GDP) (2017 est.),$29.289 billion (2019 est.),111.45 (2020 est.),"9,129,243",17.83% (July 2018 est.),197 (2013),"177,800 km (2018)",1.3% of GDP (2019),KE-flag.jpg,https://www.cia.gov/the-world-factbook/static/9d78485baf5464695b2d2b0fdb6f1c89/d94fe/KE-flag.jpg
Guinea-Bissau,Africa,"36,125 sq km","1,976,187 (July 2021 est.)","$1,989 (2019 est.)",NA,18.2% (of GDP) (2017 est.),$1.095 billion (31 December 2010 est.),605.3 (2017 est.),"72,047",3.93% (July 2018 est.),8 (2013),"4,400 km (2018)",1.4% of GDP (2017),PU-flag.jpg,https://www.cia.gov/the-world-factbook/static/64f46165193fa4e26615bd346ea81cfc/6927b/PU-flag.jpg
Guinea,Africa,"245,857 sq km","12,877,894 (July 2021 est.)","$2,562 (2019 est.)",2.7% (2017 est.),16.6% (of GDP) (2017 est.),$1.458 billion (31 December 2017 est.),"9,953 (2020 est.)","2,133,974",18% (July 2018 est.),16 (2013),"44,301 km (2018)",2% of GDP (2019),GV-flag.jpg,https://www.cia.gov/the-world-factbook/static/c32c5c5e52cd4dffd129ad2c5c06dcde/d94fe/GV-flag.jpg
Ghana,Africa,"238,533 sq km","32,372,889 (July 2021 est.)","$5,413 (2019 est.)",11.9% (2015 est.),20.3% (of GDP) (2017 est.),$20.467 billion (2019 est.),5.86 (2020 est.),"10,959,964",39% (July 2018 est.),10 (2013),"109,515 km (2009)",0.4% of GDP (2019),GH-flag.jpg,https://www.cia.gov/the-world-factbook/static/89fce68954745db3665b757885689a51/d94fe/GH-flag.jpg
"Gambia, The",Africa,"11,300 sq km","2,221,301 (July 2021 est.)","$2,223 (2019 est.)",NA,20.3% (of GDP) (2017 est.),$586.8 million (31 December 2017 est.),51.75 (2020 est.),"406,918",19.84% (July 2017 est.),1 (2020),"2,977 km (2011)",0.8% of GDP (2019),GA-flag.jpg,https://www.cia.gov/the-world-factbook/static/b71a15ee30226bf04936fd9e80a18c2b/ebd47/GA-flag.jpg
Gabon,Africa,"267,667 sq km","2,284,912 (July 2021 est.)","$14,950 (2019 est.)",28% (2015 est.),17.6% (of GDP) (2017 est.),$6.49 billion (31 December 2017 est.),605.3 (2017 est.),"1,313,802",62% (July 2018 est.),44 (2013),"14,300 km (2001)",1.6% of GDP (2019),GB-flag.jpg,https://www.cia.gov/the-world-factbook/static/24bceaf7f8b932203f3f76ecf06b0af4/ebd47/GB-flag.jpg
Ethiopia,Africa,"1,104,300 sq km","110,871,031 (July 2021 est.)","$2,221 (2019 est.)",17.5% (2012 est.),13.9% (of GDP) (2017 est.),$27.27 billion (2019 est.),25 (2017 est.),"19,118,470",18.62% (July 2018 est.),57 (2013),"120,171 km (2018)",0.7% of GDP (2019 est.),ET-flag.jpg,https://www.cia.gov/the-world-factbook/static/84eae15dafba90d949cbc8a06ec5d599/fb03d/ET-flag.jpg
Eswatini,Africa,"17,364 sq km","1,113,276 (July 2021 est.)","$8,622 (2019 est.)",28% (2014 est.),28.6% (of GDP) (2017 est.),$535 million (2019 est.),14.44 (2017 est.),"510,984",47% (July 2018 est.),14 (2013),"3,769 km (2019)",1.8% of GDP (2019 est.),WZ-flag.jpg,https://www.cia.gov/the-world-factbook/static/86f6355108c50757568024a9b21e4054/fdcfd/WZ-flag.jpg
Eritrea,Africa,"117,600 sq km","6,147,398 (July 2021 est.)","$1,600 (2017 est.)",5.8% (2017 est.),34.9% (of GDP) (2017 est.),$792.7 million (31 December 2017 est.),15.38 (2017 est.),"78,215",1.31% (July 2018 est.),13 (2020),"16,000 km (2018)",5.1% of GDP (2017 est.),ER-flag.jpg,https://www.cia.gov/the-world-factbook/static/cec78149eb5101065d53bad32fffcd70/bd861/ER-flag.jpg
Equatorial Guinea,Africa,"28,051 sq km","857,008 (July 2021 est.)","$18,558 (2019 est.)",8.6% (2014 est.),16.9% (of GDP) (2017 est.),$1.211 billion (31 December 2017 est.),605.3 (2017 est.),"209,253",26.24% (July 2018 est.),7 (2013),"2,880 km (2017)",1.1% of GDP (2018),EK-flag.jpg,https://www.cia.gov/the-world-factbook/static/c67b3b64d8f36f8089be2bb0e3480135/e9eef/EK-flag.jpg
Egypt,Africa,"1,001,450 sq km","106,437,241 (July 2021 est.)","$11,763 (2019 est.)",7.86% (2019 est.),17.9% (of GDP) (2017 est.),$109.238 billion (2019 est.),15.69 (2020 est.),"46,644,728",46.92% (July 2018 est.),83 (2013),"65,050 km (2017)",1.2% of GDP (2020 est.),EG-flag.jpg,https://www.cia.gov/the-world-factbook/static/dc3efb61fa3e9595efd88163dc0e1e3d/d94fe/EG-flag.jpg
Djibouti,Africa,"23,200 sq km","938,413 (July 2021 est.)","$5,535 (2019 est.)",40% (2017 est.),35.3% (of GDP) (2017 est.),$1.954 billion (31 December 2017 est.),177.7 (2017 est.),"492,221",55.68% (July 2018 est.),13 (2013),"2,893 km (2013)",4.9% of GDP (2017 est.),DJ-flag.jpg,https://www.cia.gov/the-world-factbook/static/745c57b1b729985a260bcc0e8bbc754e/d94fe/DJ-flag.jpg
Cote d'Ivoire,Africa,"322,463 sq km","28,088,455 (July 2021 est.)","$5,213 (2019 est.)",9.4% (2013 est.),19.1% (of GDP) (2017 est.),$13.07 billion (31 December 2017 est.),594.3 (2017 est.),"12,295,204",46.82% (July 2018 est.),27 (2013),"81,996 km (2007)",1.1% of GDP (2019 est.),IV-flag.jpg,https://www.cia.gov/the-world-factbook/static/a3f4ff18c9bf3a40847998ffa59d11b8/478ba/IV-flag.jpg
"Congo, Republic of the",Africa,"342,000 sq km","5,417,414 (July 2021 est.)","$3,673 (2019 est.)",36% (2014 est.),22.5% (of GDP) (2017 est.),$4.605 billion (31 December 2017 est.),579.8 (2017 est.),"437,865",8.65% (July 2018 est.),27 (2013),"23,324 km (2017)",2.7% of GDP (2019),CF-flag.jpg,https://www.cia.gov/the-world-factbook/static/242e48bc72c0306137dd2baca8776ee2/ebd47/CF-flag.jpg
"Congo, Democratic Republic of the",Africa,"2,344,858 sq km","105,044,646 (July 2021 est.)","$1,098 (2019 est.)",NA,11.2% (of GDP) (2017 est.),$4.963 billion (31 December 2017 est.),"1,546.8 (2017 est.)","8,231,357",8.62% (July 2018 est.),198 (2013),"152,373 km (2015)",0.7% of GDP (2019 est.),CG-flag.jpg,https://www.cia.gov/the-world-factbook/static/18855cf17229ec30204e367798ee1863/ebd47/CG-flag.jpg
Comoros,Africa,"2,235 sq km","864,335 (July 2021 est.)","$3,060 (2019 est.)",6.5% (2014 est.),25.3% (of GDP) (2017 est.),$199.8 million (31 December 2017 est.),458.2 (2017 est.),"69,635",8.48% (July 2018 est.),4 (2013),880 km (2002),,CN-flag.jpg,https://www.cia.gov/the-world-factbook/static/3f4bd5022fb2ca91f280c9a3c957123a/ebd47/CN-flag.jpg
Chad,Africa,1.284 million sq km,"17,414,108 (July 2021 est.)","$1,580 (2019 est.)",NA,13.5% (of GDP) (2017 est.),$1.724 billion (31 December 2017 est.),605.3 (2017 est.),"1,029,153",6.5% (July 2018 est.),59 (2013),"40,000 km (2018)",2.2% of GDP (2019 est.),CD-flag.jpg,https://www.cia.gov/the-world-factbook/static/9b26067ad574dd8b9eb7405798a3376b/d94fe/CD-flag.jpg
Central African Republic,Africa,"622,984 sq km","5,357,984 (July 2021 est.)",$945 (2019 est.),6.9% (2017 est.),14.6% (of GDP) (2017 est.),$779.9 million (31 December 2017 est.),605.3 (2017 est.),"249,336",4.34% (July 2018 est.),39 (2013),"24,000 km (2018)",1.5% of GDP (2019 est.),CT-flag.jpg,https://www.cia.gov/the-world-factbook/static/6a012a30c3f1369f92bfefa83bdae7cc/d94fe/CT-flag.jpg
Cameroon,Africa,"475,440 sq km","28,524,175 (July 2021 est.)","$3,642 (2019 est.)",4.3% (2014 est.),15.3% (of GDP) (2017 est.),$9.375 billion (31 December 2017 est.),605.3 (2017 est.),"6,089,200",23.2% (July 2018 est.),33 (2013),"77,589 km (2016)",1.1% of GDP (2019),CM-flag.jpg,https://www.cia.gov/the-world-factbook/static/72cad69715ec25b7e0e8e09764d8a55f/d94fe/CM-flag.jpg
Cabo Verde,Africa,"4,033 sq km","589,451 (July 2021 est.)","$7,172 (2019 est.)",9% (2017 est.),27.8% (of GDP) (2017 est.),$1.713 billion (31 December 2017 est.),101.8 (2017 est.),"330,623",58.17% (July 2018 est.),9 (2013),"1,350 km (2013)",0.5% of GDP (2019),CV-flag.jpg,https://www.cia.gov/the-world-factbook/static/0bba95cfab0f35b71bd20926fb3b0dea/d94fe/CV-flag.jpg
Burundi,Africa,"27,830 sq km","12,241,065 (July 2021 est.)",$752 (2019 est.),NA,15.8% (of GDP) (2017 est.),$610.9 million (31 December 2017 est.),"1,945 (2020 est.)","298,684",2.66% (July 2018 est.),7 (2013),"12,322 km (2016)",1.8% of GDP (2019),BY-flag.jpg,https://www.cia.gov/the-world-factbook/static/cf62e62630241c55193fef70d184d368/29f30/BY-flag.jpg
Burkina Faso,Africa,"274,200 sq km","21,382,659 (July 2021 est.)","$2,178 (2019 est.)",77% (2004),21.2% (of GDP) (2017 est.),$3.056 billion (31 December 2017 est.),605.3 (2017 est.),"3,158,834",16% (July 2018 est.),23 (2013),"15,304 km (2014)",2.4% of GDP (2019),UV-flag.jpg,https://www.cia.gov/the-world-factbook/static/135b240ae4ccaf7e3e0437519858a256/aab14/UV-flag.jpg
Botswana,Africa,"581,730 sq km","2,350,667 (July 2021 est.)","$17,767 (2019 est.)",20% (2013 est.),30.5% (of GDP) (2017 est.),$2.187 billion (31 December 2017 est.),10.90512 (2020 est.),"1,057,079",47% (July 2018 est.),74 (2013),"31,747 km (2017)",2.8% of GDP (2019),BC-flag.jpg,https://www.cia.gov/the-world-factbook/static/238f5c992f93619d9f3f6897f3321c3a/ebd47/BC-flag.jpg
Benin,Africa,"112,622 sq km","13,301,694 (July 2021 est.)","$3,287 (2019 est.)",1% (2014 est.),17.1% (of GDP) (2017 est.),$2.804 billion (31 December 2017 est.),605.3 (2017 est.),"2,403,596",20% (July 2018 est.),6 (2013),"16,000 km (2006)",0.7% of GDP (2019),BN-flag.jpg,https://www.cia.gov/the-world-factbook/static/1abc0c00667c45e72960d603131464ac/ebd47/BN-flag.jpg
Angola,Africa,"1,246,700 sq km","33,642,646 (July 2021 est.)","$6,670 (2019 est.)",6.6% (2016 est.),29.3% (of GDP) (2017 est.),$42.08 billion (31 December 2017 est.),172.6 (2017 est.),"4,353,033",14.34% (July 2018 est.),102 (2020),"26,000 km (2018)",1.7% of GDP (2019),AO-flag.jpg,https://www.cia.gov/the-world-factbook/static/efe065572aae15f4c2ef0f68045119bc/aab14/AO-flag.jpg
